-- MySQL dump 10.13  Distrib 8.0.32, for Win64 (x86_64)
--
-- Host: 127.0.0.1    Database: ry
-- ------------------------------------------------------
-- Server version	8.0.32

/*!40101 SET @OLD_CHARACTER_SET_CLIENT=@@CHARACTER_SET_CLIENT */;
/*!40101 SET @OLD_CHARACTER_SET_RESULTS=@@CHARACTER_SET_RESULTS */;
/*!40101 SET @OLD_COLLATION_CONNECTION=@@COLLATION_CONNECTION */;
/*!50503 SET NAMES utf8mb4 */;
/*!40103 SET @OLD_TIME_ZONE=@@TIME_ZONE */;
/*!40103 SET TIME_ZONE='+00:00' */;
/*!40014 SET @OLD_UNIQUE_CHECKS=@@UNIQUE_CHECKS, UNIQUE_CHECKS=0 */;
/*!40014 SET @OLD_FOREIGN_KEY_CHECKS=@@FOREIGN_KEY_CHECKS, FOREIGN_KEY_CHECKS=0 */;
/*!40101 SET @OLD_SQL_MODE=@@SQL_MODE, SQL_MODE='NO_AUTO_VALUE_ON_ZERO' */;
/*!40111 SET @OLD_SQL_NOTES=@@SQL_NOTES, SQL_NOTES=0 */;

--
-- Table structure for table `card`
--

DROP TABLE IF EXISTS `card`;
/*!40101 SET @saved_cs_client     = @@character_set_client */;
/*!50503 SET character_set_client = utf8mb4 */;
CREATE TABLE `card` (
                        `card_num` bigint NOT NULL AUTO_INCREMENT COMMENT '卡序号',
                        `card_id` varchar(20) NOT NULL COMMENT '卡号',
                        `balance` varchar(30) NOT NULL DEFAULT '0.00' COMMENT '余额',
                        `card_name` varchar(30) NOT NULL COMMENT '拥有人账号',
                        PRIMARY KEY (`card_num`),
                        UNIQUE KEY `unique_id` (`card_id`)
) ENGINE=InnoDB AUTO_INCREMENT=122 DEFAULT CHARSET=utf8mb4 COLLATE=utf8mb4_0900_ai_ci COMMENT='校园卡信息表';
/*!40101 SET character_set_client = @saved_cs_client */;

--
-- Dumping data for table `card`
--

LOCK TABLES `card` WRITE;
/*!40000 ALTER TABLE `card` DISABLE KEYS */;
INSERT INTO `card` VALUES (119,'21026','76.0','SWE21026'),(121,'21021','62.5','SWE21021');
/*!40000 ALTER TABLE `card` ENABLE KEYS */;
UNLOCK TABLES;

--
-- Table structure for table `cz_table`
--

DROP TABLE IF EXISTS `cz_table`;
/*!40101 SET @saved_cs_client     = @@character_set_client */;
/*!50503 SET character_set_client = utf8mb4 */;
CREATE TABLE `cz_table` (
                            `rid` bigint NOT NULL AUTO_INCREMENT COMMENT '充值序号',
                            `id` varchar(20) CHARACTER SET utf8mb4 COLLATE utf8mb4_general_ci DEFAULT NULL COMMENT '机器编号',
                            `amount` varchar(20) DEFAULT NULL COMMENT '充值金额',
                            `time` datetime DEFAULT NULL COMMENT '充值时间',
                            `card_id` varchar(20) DEFAULT NULL COMMENT '卡号',
                            PRIMARY KEY (`rid`) USING BTREE
) ENGINE=InnoDB AUTO_INCREMENT=96 DEFAULT CHARSET=utf8mb4 COLLATE=utf8mb4_0900_ai_ci ROW_FORMAT=DYNAMIC COMMENT='充值表';
/*!40101 SET character_set_client = @saved_cs_client */;

--
-- Dumping data for table `cz_table`
--

LOCK TABLES `cz_table` WRITE;
/*!40000 ALTER TABLE `cz_table` DISABLE KEYS */;
INSERT INTO `cz_table` VALUES (94,'1号机','50.00','2023-07-06 19:38:44','21026'),(95,'1号机','50.00','2023-07-06 00:00:00','21021');
/*!40000 ALTER TABLE `cz_table` ENABLE KEYS */;
UNLOCK TABLES;

--
-- Table structure for table `gen_table`
--

DROP TABLE IF EXISTS `gen_table`;
/*!40101 SET @saved_cs_client     = @@character_set_client */;
/*!50503 SET character_set_client = utf8mb4 */;
CREATE TABLE `gen_table` (
                             `table_id` bigint NOT NULL AUTO_INCREMENT COMMENT '编号',
                             `table_name` varchar(200) DEFAULT '' COMMENT '表名称',
                             `table_comment` varchar(500) DEFAULT '' COMMENT '表描述',
                             `sub_table_name` varchar(64) DEFAULT NULL COMMENT '关联子表的表名',
                             `sub_table_fk_name` varchar(64) DEFAULT NULL COMMENT '子表关联的外键名',
                             `class_name` varchar(100) DEFAULT '' COMMENT '实体类名称',
                             `tpl_category` varchar(200) DEFAULT 'crud' COMMENT '使用的模板（crud单表操作 tree树表操作 sub主子表操作）',
                             `package_name` varchar(100) DEFAULT NULL COMMENT '生成包路径',
                             `module_name` varchar(30) DEFAULT NULL COMMENT '生成模块名',
                             `business_name` varchar(30) DEFAULT NULL COMMENT '生成业务名',
                             `function_name` varchar(50) DEFAULT NULL COMMENT '生成功能名',
                             `function_author` varchar(50) DEFAULT NULL COMMENT '生成功能作者',
                             `gen_type` char(1) DEFAULT '0' COMMENT '生成代码方式（0zip压缩包 1自定义路径）',
                             `gen_path` varchar(200) DEFAULT '/' COMMENT '生成路径（不填默认项目路径）',
                             `options` varchar(1000) DEFAULT NULL COMMENT '其它生成选项',
                             `create_by` varchar(64) DEFAULT '' COMMENT '创建者',
                             `create_time` datetime DEFAULT NULL COMMENT '创建时间',
                             `update_by` varchar(64) DEFAULT '' COMMENT '更新者',
                             `update_time` datetime DEFAULT NULL COMMENT '更新时间',
                             `remark` varchar(500) DEFAULT NULL COMMENT '备注',
                             PRIMARY KEY (`table_id`)
) ENGINE=InnoDB AUTO_INCREMENT=21 DEFAULT CHARSET=utf8mb4 COLLATE=utf8mb4_0900_ai_ci COMMENT='代码生成业务表';
/*!40101 SET character_set_client = @saved_cs_client */;

--
-- Dumping data for table `gen_table`
--

LOCK TABLES `gen_table` WRITE;
/*!40000 ALTER TABLE `gen_table` DISABLE KEYS */;
INSERT INTO `gen_table` VALUES (2,'sys_user','用户信息表',NULL,NULL,'SysUser','crud','com.ruoyi.system','system','user','用户信息','ruoyi','0','/',NULL,'admin','2023-06-29 21:09:16','',NULL,NULL),(3,'sys_menu','菜单权限表',NULL,NULL,'SysMenu','crud','com.ruoyi.system','system','menu','菜单权限','ruoyi','0','/',NULL,'ry','2023-06-29 21:10:22','',NULL,NULL),(4,'sys_role_menu','角色和菜单关联表',NULL,NULL,'SysRoleMenu','crud','com.ruoyi.system','system','menu','角色和菜单关联','ruoyi','0','/',NULL,'admin','2023-06-29 21:17:13','',NULL,NULL),(5,'sys_user_post','用户与岗位关联表',NULL,NULL,'SysUserPost','crud','com.ruoyi.system','system','post','用户与岗位关联','ruoyi','0','/',NULL,'admin','2023-06-29 21:17:13','',NULL,NULL),(6,'sys_user_role','用户和角色关联表',NULL,NULL,'SysUserRole','crud','com.ruoyi.system','system','role','用户和角色关联','ruoyi','0','/',NULL,'admin','2023-06-29 21:17:13','',NULL,NULL),(7,'sys_dept','部门表',NULL,NULL,'SysDept','crud','com.ruoyi.system','system','dept','部门','ruoyi','0','/',NULL,'admin','2023-06-29 21:19:11','',NULL,NULL),(8,'sys_post','岗位信息表',NULL,NULL,'SysPost','crud','com.ruoyi.system','system','post','岗位信息','ruoyi','0','/',NULL,'admin','2023-06-29 21:19:11','',NULL,NULL),(9,'sys_role','角色信息表',NULL,NULL,'SysRole','crud','com.ruoyi.system','system','role','角色信息','ruoyi','0','/',NULL,'admin','2023-06-29 21:19:11','',NULL,NULL),(10,'sys_role_dept','角色和部门关联表',NULL,NULL,'SysRoleDept','crud','com.ruoyi.system','system','dept','角色和部门关联','ruoyi','0','/',NULL,'admin','2023-06-29 21:19:11','',NULL,NULL),(15,'card','校园卡信息表',NULL,NULL,'Card','crud','com.ruoyi.system','system','card','校园卡信息','ruoyi','0','/',NULL,'admin','2023-07-03 08:43:38','',NULL,NULL),(19,'cz_table','充值表','',NULL,'CzTable','crud','com.ruoyi.system','system','cz','充值','ruoyi','0','/','{\"parentMenuId\":\"2000\",\"treeName\":\"\",\"treeParentCode\":\"\",\"parentMenuName\":\"使用校园卡\",\"treeCode\":\"\"}','admin','2023-07-05 16:49:50','','2023-07-05 16:50:35',''),(20,'xf_table','消费表','',NULL,'XfTable','crud','com.ruoyi.system','system','xf','消费','ruoyi','0','/','{\"parentMenuId\":\"2000\",\"treeName\":\"\",\"treeParentCode\":\"\",\"parentMenuName\":\"使用校园卡\",\"treeCode\":\"\"}','admin','2023-07-06 14:57:36','','2023-07-06 14:59:19','');
/*!40000 ALTER TABLE `gen_table` ENABLE KEYS */;
UNLOCK TABLES;

--
-- Table structure for table `gen_table_column`
--

DROP TABLE IF EXISTS `gen_table_column`;
/*!40101 SET @saved_cs_client     = @@character_set_client */;
/*!50503 SET character_set_client = utf8mb4 */;
CREATE TABLE `gen_table_column` (
                                    `column_id` bigint NOT NULL AUTO_INCREMENT COMMENT '编号',
                                    `table_id` varchar(64) DEFAULT NULL COMMENT '归属表编号',
                                    `column_name` varchar(200) DEFAULT NULL COMMENT '列名称',
                                    `column_comment` varchar(500) DEFAULT NULL COMMENT '列描述',
                                    `column_type` varchar(100) DEFAULT NULL COMMENT '列类型',
                                    `java_type` varchar(500) DEFAULT NULL COMMENT 'JAVA类型',
                                    `java_field` varchar(200) DEFAULT NULL COMMENT 'JAVA字段名',
                                    `is_pk` char(1) DEFAULT NULL COMMENT '是否主键（1是）',
                                    `is_increment` char(1) DEFAULT NULL COMMENT '是否自增（1是）',
                                    `is_required` char(1) DEFAULT NULL COMMENT '是否必填（1是）',
                                    `is_insert` char(1) DEFAULT NULL COMMENT '是否为插入字段（1是）',
                                    `is_edit` char(1) DEFAULT NULL COMMENT '是否编辑字段（1是）',
                                    `is_list` char(1) DEFAULT NULL COMMENT '是否列表字段（1是）',
                                    `is_query` char(1) DEFAULT NULL COMMENT '是否查询字段（1是）',
                                    `query_type` varchar(200) DEFAULT 'EQ' COMMENT '查询方式（等于、不等于、大于、小于、范围）',
                                    `html_type` varchar(200) DEFAULT NULL COMMENT '显示类型（文本框、文本域、下拉框、复选框、单选框、日期控件）',
                                    `dict_type` varchar(200) DEFAULT '' COMMENT '字典类型',
                                    `sort` int DEFAULT NULL COMMENT '排序',
                                    `create_by` varchar(64) DEFAULT '' COMMENT '创建者',
                                    `create_time` datetime DEFAULT NULL COMMENT '创建时间',
                                    `update_by` varchar(64) DEFAULT '' COMMENT '更新者',
                                    `update_time` datetime DEFAULT NULL COMMENT '更新时间',
                                    PRIMARY KEY (`column_id`)
) ENGINE=InnoDB AUTO_INCREMENT=123 DEFAULT CHARSET=utf8mb4 COLLATE=utf8mb4_0900_ai_ci COMMENT='代码生成业务表字段';
/*!40101 SET character_set_client = @saved_cs_client */;

--
-- Dumping data for table `gen_table_column`
--

LOCK TABLES `gen_table_column` WRITE;
/*!40000 ALTER TABLE `gen_table_column` DISABLE KEYS */;
INSERT INTO `gen_table_column` VALUES (3,'2','user_id','用户ID','bigint','Long','userId','1','1',NULL,'1',NULL,NULL,NULL,'EQ','input','',1,'admin','2023-06-29 21:09:16','',NULL),(4,'2','dept_id','部门ID','bigint','Long','deptId','0','0',NULL,'1','1','1','1','EQ','input','',2,'admin','2023-06-29 21:09:16','',NULL),(5,'2','login_name','登录账号','varchar(30)','String','loginName','0','0','1','1','1','1','1','LIKE','input','',3,'admin','2023-06-29 21:09:16','',NULL),(6,'2','user_name','用户昵称','varchar(30)','String','userName','0','0',NULL,'1','1','1','1','LIKE','input','',4,'admin','2023-06-29 21:09:16','',NULL),(7,'2','user_type','用户类型（00系统用户 01注册用户）','varchar(2)','String','userType','0','0',NULL,'1','1','1','1','EQ','select','',5,'admin','2023-06-29 21:09:16','',NULL),(8,'2','email','用户邮箱','varchar(50)','String','email','0','0',NULL,'1','1','1','1','EQ','input','',6,'admin','2023-06-29 21:09:16','',NULL),(9,'2','phonenumber','手机号码','varchar(11)','String','phonenumber','0','0',NULL,'1','1','1','1','EQ','input','',7,'admin','2023-06-29 21:09:16','',NULL),(10,'2','sex','用户性别（0男 1女 2未知）','char(1)','String','sex','0','0',NULL,'1','1','1','1','EQ','select','',8,'admin','2023-06-29 21:09:16','',NULL),(11,'2','avatar','头像路径','varchar(100)','String','avatar','0','0',NULL,'1','1','1','1','EQ','input','',9,'admin','2023-06-29 21:09:16','',NULL),(12,'2','password','密码','varchar(50)','String','password','0','0',NULL,'1','1','1','1','EQ','input','',10,'admin','2023-06-29 21:09:16','',NULL),(13,'2','salt','盐加密','varchar(20)','String','salt','0','0',NULL,'1','1','1','1','EQ','input','',11,'admin','2023-06-29 21:09:16','',NULL),(14,'2','status','帐号状态（0正常 1停用）','char(1)','String','status','0','0',NULL,'1','1','1','1','EQ','radio','',12,'admin','2023-06-29 21:09:16','',NULL),(15,'2','del_flag','删除标志（0代表存在 2代表删除）','char(1)','String','delFlag','0','0',NULL,'1',NULL,NULL,NULL,'EQ','input','',13,'admin','2023-06-29 21:09:16','',NULL),(16,'2','login_ip','最后登录IP','varchar(128)','String','loginIp','0','0',NULL,'1','1','1','1','EQ','input','',14,'admin','2023-06-29 21:09:16','',NULL),(17,'2','login_date','最后登录时间','datetime','Date','loginDate','0','0',NULL,'1','1','1','1','EQ','datetime','',15,'admin','2023-06-29 21:09:16','',NULL),(18,'2','pwd_update_date','密码最后更新时间','datetime','Date','pwdUpdateDate','0','0',NULL,'1','1','1','1','EQ','datetime','',16,'admin','2023-06-29 21:09:16','',NULL),(19,'2','create_by','创建者','varchar(64)','String','createBy','0','0',NULL,'1',NULL,NULL,NULL,'EQ','input','',17,'admin','2023-06-29 21:09:16','',NULL),(20,'2','create_time','创建时间','datetime','Date','createTime','0','0',NULL,'1',NULL,NULL,NULL,'EQ','datetime','',18,'admin','2023-06-29 21:09:16','',NULL),(21,'2','update_by','更新者','varchar(64)','String','updateBy','0','0',NULL,'1','1',NULL,NULL,'EQ','input','',19,'admin','2023-06-29 21:09:16','',NULL),(22,'2','update_time','更新时间','datetime','Date','updateTime','0','0',NULL,'1','1',NULL,NULL,'EQ','datetime','',20,'admin','2023-06-29 21:09:16','',NULL),(23,'2','remark','备注','varchar(500)','String','remark','0','0',NULL,'1','1','1',NULL,'EQ','textarea','',21,'admin','2023-06-29 21:09:16','',NULL),(24,'3','menu_id','菜单ID','bigint','Long','menuId','1','1',NULL,'1',NULL,NULL,NULL,'EQ','input','',1,'ry','2023-06-29 21:10:22','',NULL),(25,'3','menu_name','菜单名称','varchar(50)','String','menuName','0','0','1','1','1','1','1','LIKE','input','',2,'ry','2023-06-29 21:10:22','',NULL),(26,'3','parent_id','父菜单ID','bigint','Long','parentId','0','0',NULL,'1','1','1','1','EQ','input','',3,'ry','2023-06-29 21:10:22','',NULL),(27,'3','order_num','显示顺序','int','Long','orderNum','0','0',NULL,'1','1','1','1','EQ','input','',4,'ry','2023-06-29 21:10:22','',NULL),(28,'3','url','请求地址','varchar(200)','String','url','0','0',NULL,'1','1','1','1','EQ','input','',5,'ry','2023-06-29 21:10:22','',NULL),(29,'3','target','打开方式（menuItem页签 menuBlank新窗口）','varchar(20)','String','target','0','0',NULL,'1','1','1','1','EQ','input','',6,'ry','2023-06-29 21:10:22','',NULL),(30,'3','menu_type','菜单类型（M目录 C菜单 F按钮）','char(1)','String','menuType','0','0',NULL,'1','1','1','1','EQ','select','',7,'ry','2023-06-29 21:10:22','',NULL),(31,'3','visible','菜单状态（0显示 1隐藏）','char(1)','String','visible','0','0',NULL,'1','1','1','1','EQ','input','',8,'ry','2023-06-29 21:10:22','',NULL),(32,'3','is_refresh','是否刷新（0刷新 1不刷新）','char(1)','String','isRefresh','0','0',NULL,'1','1','1','1','EQ','input','',9,'ry','2023-06-29 21:10:22','',NULL),(33,'3','perms','权限标识','varchar(100)','String','perms','0','0',NULL,'1','1','1','1','EQ','input','',10,'ry','2023-06-29 21:10:22','',NULL),(34,'3','icon','菜单图标','varchar(100)','String','icon','0','0',NULL,'1','1','1','1','EQ','input','',11,'ry','2023-06-29 21:10:22','',NULL),(35,'3','create_by','创建者','varchar(64)','String','createBy','0','0',NULL,'1',NULL,NULL,NULL,'EQ','input','',12,'ry','2023-06-29 21:10:22','',NULL),(36,'3','create_time','创建时间','datetime','Date','createTime','0','0',NULL,'1',NULL,NULL,NULL,'EQ','datetime','',13,'ry','2023-06-29 21:10:22','',NULL),(37,'3','update_by','更新者','varchar(64)','String','updateBy','0','0',NULL,'1','1',NULL,NULL,'EQ','input','',14,'ry','2023-06-29 21:10:22','',NULL),(38,'3','update_time','更新时间','datetime','Date','updateTime','0','0',NULL,'1','1',NULL,NULL,'EQ','datetime','',15,'ry','2023-06-29 21:10:22','',NULL),(39,'3','remark','备注','varchar(500)','String','remark','0','0',NULL,'1','1','1',NULL,'EQ','textarea','',16,'ry','2023-06-29 21:10:22','',NULL),(40,'4','role_id','角色ID','bigint','Long','roleId','1','0',NULL,'1',NULL,NULL,NULL,'EQ','input','',1,'admin','2023-06-29 21:17:13','',NULL),(41,'4','menu_id','菜单ID','bigint','Long','menuId','1','0',NULL,'1',NULL,NULL,NULL,'EQ','input','',2,'admin','2023-06-29 21:17:13','',NULL),(42,'5','user_id','用户ID','bigint','Long','userId','1','0',NULL,'1',NULL,NULL,NULL,'EQ','input','',1,'admin','2023-06-29 21:17:13','',NULL),(43,'5','post_id','岗位ID','bigint','Long','postId','1','0',NULL,'1',NULL,NULL,NULL,'EQ','input','',2,'admin','2023-06-29 21:17:13','',NULL),(44,'6','user_id','用户ID','bigint','Long','userId','1','0',NULL,'1',NULL,NULL,NULL,'EQ','input','',1,'admin','2023-06-29 21:17:13','',NULL),(45,'6','role_id','角色ID','bigint','Long','roleId','1','0',NULL,'1',NULL,NULL,NULL,'EQ','input','',2,'admin','2023-06-29 21:17:13','',NULL),(46,'7','dept_id','部门id','bigint','Long','deptId','1','1',NULL,'1',NULL,NULL,NULL,'EQ','input','',1,'admin','2023-06-29 21:19:11','',NULL),(47,'7','parent_id','父部门id','bigint','Long','parentId','0','0',NULL,'1','1','1','1','EQ','input','',2,'admin','2023-06-29 21:19:11','',NULL),(48,'7','ancestors','祖级列表','varchar(50)','String','ancestors','0','0',NULL,'1','1','1','1','EQ','input','',3,'admin','2023-06-29 21:19:11','',NULL),(49,'7','dept_name','部门名称','varchar(30)','String','deptName','0','0',NULL,'1','1','1','1','LIKE','input','',4,'admin','2023-06-29 21:19:11','',NULL),(50,'7','order_num','显示顺序','int','Long','orderNum','0','0',NULL,'1','1','1','1','EQ','input','',5,'admin','2023-06-29 21:19:11','',NULL),(51,'7','leader','负责人','varchar(20)','String','leader','0','0',NULL,'1','1','1','1','EQ','input','',6,'admin','2023-06-29 21:19:11','',NULL),(52,'7','phone','联系电话','varchar(11)','String','phone','0','0',NULL,'1','1','1','1','EQ','input','',7,'admin','2023-06-29 21:19:11','',NULL),(53,'7','email','邮箱','varchar(50)','String','email','0','0',NULL,'1','1','1','1','EQ','input','',8,'admin','2023-06-29 21:19:11','',NULL),(54,'7','status','部门状态（0正常 1停用）','char(1)','String','status','0','0',NULL,'1','1','1','1','EQ','radio','',9,'admin','2023-06-29 21:19:11','',NULL),(55,'7','del_flag','删除标志（0代表存在 2代表删除）','char(1)','String','delFlag','0','0',NULL,'1',NULL,NULL,NULL,'EQ','input','',10,'admin','2023-06-29 21:19:11','',NULL),(56,'7','create_by','创建者','varchar(64)','String','createBy','0','0',NULL,'1',NULL,NULL,NULL,'EQ','input','',11,'admin','2023-06-29 21:19:11','',NULL),(57,'7','create_time','创建时间','datetime','Date','createTime','0','0',NULL,'1',NULL,NULL,NULL,'EQ','datetime','',12,'admin','2023-06-29 21:19:11','',NULL),(58,'7','update_by','更新者','varchar(64)','String','updateBy','0','0',NULL,'1','1',NULL,NULL,'EQ','input','',13,'admin','2023-06-29 21:19:11','',NULL),(59,'7','update_time','更新时间','datetime','Date','updateTime','0','0',NULL,'1','1',NULL,NULL,'EQ','datetime','',14,'admin','2023-06-29 21:19:11','',NULL),(60,'8','post_id','岗位ID','bigint','Long','postId','1','1',NULL,'1',NULL,NULL,NULL,'EQ','input','',1,'admin','2023-06-29 21:19:11','',NULL),(61,'8','post_code','岗位编码','varchar(64)','String','postCode','0','0','1','1','1','1','1','EQ','input','',2,'admin','2023-06-29 21:19:11','',NULL),(62,'8','post_name','岗位名称','varchar(50)','String','postName','0','0','1','1','1','1','1','LIKE','input','',3,'admin','2023-06-29 21:19:11','',NULL),(63,'8','post_sort','显示顺序','int','Long','postSort','0','0','1','1','1','1','1','EQ','input','',4,'admin','2023-06-29 21:19:11','',NULL),(64,'8','status','状态（0正常 1停用）','char(1)','String','status','0','0','1','1','1','1','1','EQ','radio','',5,'admin','2023-06-29 21:19:11','',NULL),(65,'8','create_by','创建者','varchar(64)','String','createBy','0','0',NULL,'1',NULL,NULL,NULL,'EQ','input','',6,'admin','2023-06-29 21:19:11','',NULL),(66,'8','create_time','创建时间','datetime','Date','createTime','0','0',NULL,'1',NULL,NULL,NULL,'EQ','datetime','',7,'admin','2023-06-29 21:19:11','',NULL),(67,'8','update_by','更新者','varchar(64)','String','updateBy','0','0',NULL,'1','1',NULL,NULL,'EQ','input','',8,'admin','2023-06-29 21:19:11','',NULL),(68,'8','update_time','更新时间','datetime','Date','updateTime','0','0',NULL,'1','1',NULL,NULL,'EQ','datetime','',9,'admin','2023-06-29 21:19:11','',NULL),(69,'8','remark','备注','varchar(500)','String','remark','0','0',NULL,'1','1','1',NULL,'EQ','textarea','',10,'admin','2023-06-29 21:19:11','',NULL),(70,'9','role_id','角色ID','bigint','Long','roleId','1','1',NULL,'1',NULL,NULL,NULL,'EQ','input','',1,'admin','2023-06-29 21:19:11','',NULL),(71,'9','role_name','角色名称','varchar(30)','String','roleName','0','0','1','1','1','1','1','LIKE','input','',2,'admin','2023-06-29 21:19:11','',NULL),(72,'9','role_key','角色权限字符串','varchar(100)','String','roleKey','0','0','1','1','1','1','1','EQ','input','',3,'admin','2023-06-29 21:19:11','',NULL),(73,'9','role_sort','显示顺序','int','Long','roleSort','0','0','1','1','1','1','1','EQ','input','',4,'admin','2023-06-29 21:19:11','',NULL),(74,'9','data_scope','数据范围（1：全部数据权限 2：自定数据权限 3：本部门数据权限 4：本部门及以下数据权限）','char(1)','String','dataScope','0','0',NULL,'1','1','1','1','EQ','input','',5,'admin','2023-06-29 21:19:11','',NULL),(75,'9','status','角色状态（0正常 1停用）','char(1)','String','status','0','0','1','1','1','1','1','EQ','radio','',6,'admin','2023-06-29 21:19:11','',NULL),(76,'9','del_flag','删除标志（0代表存在 2代表删除）','char(1)','String','delFlag','0','0',NULL,'1',NULL,NULL,NULL,'EQ','input','',7,'admin','2023-06-29 21:19:11','',NULL),(77,'9','create_by','创建者','varchar(64)','String','createBy','0','0',NULL,'1',NULL,NULL,NULL,'EQ','input','',8,'admin','2023-06-29 21:19:11','',NULL),(78,'9','create_time','创建时间','datetime','Date','createTime','0','0',NULL,'1',NULL,NULL,NULL,'EQ','datetime','',9,'admin','2023-06-29 21:19:11','',NULL),(79,'9','update_by','更新者','varchar(64)','String','updateBy','0','0',NULL,'1','1',NULL,NULL,'EQ','input','',10,'admin','2023-06-29 21:19:11','',NULL),(80,'9','update_time','更新时间','datetime','Date','updateTime','0','0',NULL,'1','1',NULL,NULL,'EQ','datetime','',11,'admin','2023-06-29 21:19:11','',NULL),(81,'9','remark','备注','varchar(500)','String','remark','0','0',NULL,'1','1','1',NULL,'EQ','textarea','',12,'admin','2023-06-29 21:19:11','',NULL),(82,'10','role_id','角色ID','bigint','Long','roleId','1','0',NULL,'1',NULL,NULL,NULL,'EQ','input','',1,'admin','2023-06-29 21:19:11','',NULL),(83,'10','dept_id','部门ID','bigint','Long','deptId','1','0',NULL,'1',NULL,NULL,NULL,'EQ','input','',2,'admin','2023-06-29 21:19:11','',NULL),(94,'15','card_num','卡序号','bigint','Long','cardNum','1','1',NULL,'1',NULL,NULL,NULL,'EQ','input','',1,'admin','2023-07-03 08:43:38',NULL,'2023-07-03 10:13:02'),(95,'15','card_id','卡号','varchar(20)','String','cardId','0','0','1','1','1','1','1','EQ','input','',2,'admin','2023-07-03 08:43:38',NULL,'2023-07-03 10:13:02'),(96,'15','balance','余额','varchar(30)','String','balance','0','0','1','1','1','1','1','EQ','input','',3,'admin','2023-07-03 08:43:38',NULL,'2023-07-03 10:13:02'),(97,'15','card_name','拥有人账号','varchar(30)','String','cardName','0','0','1','1','1','1','1','LIKE','input','',4,'admin','2023-07-03 08:43:38',NULL,'2023-07-03 10:13:02'),(113,'19','rid','充值序号','bigint','Long','rid','1','1',NULL,'1',NULL,NULL,NULL,'EQ','input','',1,'admin','2023-07-05 16:49:50',NULL,'2023-07-05 16:50:35'),(114,'19','id','机器编号','varchar(20)','String','id','0','0','1','1',NULL,NULL,NULL,'EQ','select','',2,'admin','2023-07-05 16:49:50',NULL,'2023-07-05 16:50:35'),(115,'19','amount','充值金额','int','Long','amount','0','0','1','1','1','1','1','EQ','select','',3,'admin','2023-07-05 16:49:50',NULL,'2023-07-05 16:50:35'),(116,'19','time','充值时间','datetime','Date','time','0','0','1','1','1','1','1','EQ','datetime','',4,'admin','2023-07-05 16:49:50',NULL,'2023-07-05 16:50:35'),(117,'19','card_id','卡号','varchar(20)','String','cardId','0','0','1','1','1','1','1','EQ','input','',5,'admin','2023-07-05 16:49:50',NULL,'2023-07-05 16:50:35'),(118,'20','cid','消费序号','bigint','Long','cid','1','1',NULL,'1',NULL,NULL,NULL,'EQ','input','',1,'admin','2023-07-06 14:57:36',NULL,'2023-07-06 14:59:19'),(119,'20','id','消费编号','varchar(20)','String','id','0','0',NULL,'1',NULL,NULL,NULL,'EQ','select','',2,'admin','2023-07-06 14:57:36',NULL,'2023-07-06 14:59:19'),(120,'20','amount','消费金额','int','Long','amount','0','0',NULL,'1','1','1','1','EQ','select','',3,'admin','2023-07-06 14:57:36',NULL,'2023-07-06 14:59:19'),(121,'20','time','消费时间','datetime','Date','time','0','0',NULL,'1','1','1','1','EQ','datetime','',4,'admin','2023-07-06 14:57:36',NULL,'2023-07-06 14:59:19'),(122,'20','card_id','卡号','varchar(20)','String','cardId','0','0',NULL,'1','1','1','1','EQ','input','',5,'admin','2023-07-06 14:57:36',NULL,'2023-07-06 14:59:19');
/*!40000 ALTER TABLE `gen_table_column` ENABLE KEYS */;
UNLOCK TABLES;

--
-- Table structure for table `qrtz_blob_triggers`
--

DROP TABLE IF EXISTS `qrtz_blob_triggers`;
/*!40101 SET @saved_cs_client     = @@character_set_client */;
/*!50503 SET character_set_client = utf8mb4 */;
CREATE TABLE `qrtz_blob_triggers` (
                                      `sched_name` varchar(120) NOT NULL COMMENT '调度名称',
                                      `trigger_name` varchar(200) NOT NULL COMMENT 'qrtz_triggers表trigger_name的外键',
                                      `trigger_group` varchar(200) NOT NULL COMMENT 'qrtz_triggers表trigger_group的外键',
                                      `blob_data` blob COMMENT '存放持久化Trigger对象',
                                      PRIMARY KEY (`sched_name`,`trigger_name`,`trigger_group`),
                                      CONSTRAINT `qrtz_blob_triggers_ibfk_1` FOREIGN KEY (`sched_name`, `trigger_name`, `trigger_group`) REFERENCES `qrtz_triggers` (`sched_name`, `trigger_name`, `trigger_group`)
) ENGINE=InnoDB DEFAULT CHARSET=utf8mb4 COLLATE=utf8mb4_0900_ai_ci COMMENT='Blob类型的触发器表';
/*!40101 SET character_set_client = @saved_cs_client */;

--
-- Dumping data for table `qrtz_blob_triggers`
--

LOCK TABLES `qrtz_blob_triggers` WRITE;
/*!40000 ALTER TABLE `qrtz_blob_triggers` DISABLE KEYS */;
/*!40000 ALTER TABLE `qrtz_blob_triggers` ENABLE KEYS */;
UNLOCK TABLES;

--
-- Table structure for table `qrtz_calendars`
--

DROP TABLE IF EXISTS `qrtz_calendars`;
/*!40101 SET @saved_cs_client     = @@character_set_client */;
/*!50503 SET character_set_client = utf8mb4 */;
CREATE TABLE `qrtz_calendars` (
                                  `sched_name` varchar(120) NOT NULL COMMENT '调度名称',
                                  `calendar_name` varchar(200) NOT NULL COMMENT '日历名称',
                                  `calendar` blob NOT NULL COMMENT '存放持久化calendar对象',
                                  PRIMARY KEY (`sched_name`,`calendar_name`)
) ENGINE=InnoDB DEFAULT CHARSET=utf8mb4 COLLATE=utf8mb4_0900_ai_ci COMMENT='日历信息表';
/*!40101 SET character_set_client = @saved_cs_client */;

--
-- Dumping data for table `qrtz_calendars`
--

LOCK TABLES `qrtz_calendars` WRITE;
/*!40000 ALTER TABLE `qrtz_calendars` DISABLE KEYS */;
/*!40000 ALTER TABLE `qrtz_calendars` ENABLE KEYS */;
UNLOCK TABLES;

--
-- Table structure for table `qrtz_cron_triggers`
--

DROP TABLE IF EXISTS `qrtz_cron_triggers`;
/*!40101 SET @saved_cs_client     = @@character_set_client */;
/*!50503 SET character_set_client = utf8mb4 */;
CREATE TABLE `qrtz_cron_triggers` (
                                      `sched_name` varchar(120) NOT NULL COMMENT '调度名称',
                                      `trigger_name` varchar(200) NOT NULL COMMENT 'qrtz_triggers表trigger_name的外键',
                                      `trigger_group` varchar(200) NOT NULL COMMENT 'qrtz_triggers表trigger_group的外键',
                                      `cron_expression` varchar(200) NOT NULL COMMENT 'cron表达式',
                                      `time_zone_id` varchar(80) DEFAULT NULL COMMENT '时区',
                                      PRIMARY KEY (`sched_name`,`trigger_name`,`trigger_group`),
                                      CONSTRAINT `qrtz_cron_triggers_ibfk_1` FOREIGN KEY (`sched_name`, `trigger_name`, `trigger_group`) REFERENCES `qrtz_triggers` (`sched_name`, `trigger_name`, `trigger_group`)
) ENGINE=InnoDB DEFAULT CHARSET=utf8mb4 COLLATE=utf8mb4_0900_ai_ci COMMENT='Cron类型的触发器表';
/*!40101 SET character_set_client = @saved_cs_client */;

--
-- Dumping data for table `qrtz_cron_triggers`
--

LOCK TABLES `qrtz_cron_triggers` WRITE;
/*!40000 ALTER TABLE `qrtz_cron_triggers` DISABLE KEYS */;
/*!40000 ALTER TABLE `qrtz_cron_triggers` ENABLE KEYS */;
UNLOCK TABLES;

--
-- Table structure for table `qrtz_fired_triggers`
--

DROP TABLE IF EXISTS `qrtz_fired_triggers`;
/*!40101 SET @saved_cs_client     = @@character_set_client */;
/*!50503 SET character_set_client = utf8mb4 */;
CREATE TABLE `qrtz_fired_triggers` (
                                       `sched_name` varchar(120) NOT NULL COMMENT '调度名称',
                                       `entry_id` varchar(95) NOT NULL COMMENT '调度器实例id',
                                       `trigger_name` varchar(200) NOT NULL COMMENT 'qrtz_triggers表trigger_name的外键',
                                       `trigger_group` varchar(200) NOT NULL COMMENT 'qrtz_triggers表trigger_group的外键',
                                       `instance_name` varchar(200) NOT NULL COMMENT '调度器实例名',
                                       `fired_time` bigint NOT NULL COMMENT '触发的时间',
                                       `sched_time` bigint NOT NULL COMMENT '定时器制定的时间',
                                       `priority` int NOT NULL COMMENT '优先级',
                                       `state` varchar(16) NOT NULL COMMENT '状态',
                                       `job_name` varchar(200) DEFAULT NULL COMMENT '任务名称',
                                       `job_group` varchar(200) DEFAULT NULL COMMENT '任务组名',
                                       `is_nonconcurrent` varchar(1) DEFAULT NULL COMMENT '是否并发',
                                       `requests_recovery` varchar(1) DEFAULT NULL COMMENT '是否接受恢复执行',
                                       PRIMARY KEY (`sched_name`,`entry_id`)
) ENGINE=InnoDB DEFAULT CHARSET=utf8mb4 COLLATE=utf8mb4_0900_ai_ci COMMENT='已触发的触发器表';
/*!40101 SET character_set_client = @saved_cs_client */;

--
-- Dumping data for table `qrtz_fired_triggers`
--

LOCK TABLES `qrtz_fired_triggers` WRITE;
/*!40000 ALTER TABLE `qrtz_fired_triggers` DISABLE KEYS */;
/*!40000 ALTER TABLE `qrtz_fired_triggers` ENABLE KEYS */;
UNLOCK TABLES;

--
-- Table structure for table `qrtz_job_details`
--

DROP TABLE IF EXISTS `qrtz_job_details`;
/*!40101 SET @saved_cs_client     = @@character_set_client */;
/*!50503 SET character_set_client = utf8mb4 */;
CREATE TABLE `qrtz_job_details` (
                                    `sched_name` varchar(120) NOT NULL COMMENT '调度名称',
                                    `job_name` varchar(200) NOT NULL COMMENT '任务名称',
                                    `job_group` varchar(200) NOT NULL COMMENT '任务组名',
                                    `description` varchar(250) DEFAULT NULL COMMENT '相关介绍',
                                    `job_class_name` varchar(250) NOT NULL COMMENT '执行任务类名称',
                                    `is_durable` varchar(1) NOT NULL COMMENT '是否持久化',
                                    `is_nonconcurrent` varchar(1) NOT NULL COMMENT '是否并发',
                                    `is_update_data` varchar(1) NOT NULL COMMENT '是否更新数据',
                                    `requests_recovery` varchar(1) NOT NULL COMMENT '是否接受恢复执行',
                                    `job_data` blob COMMENT '存放持久化job对象',
                                    PRIMARY KEY (`sched_name`,`job_name`,`job_group`)
) ENGINE=InnoDB DEFAULT CHARSET=utf8mb4 COLLATE=utf8mb4_0900_ai_ci COMMENT='任务详细信息表';
/*!40101 SET character_set_client = @saved_cs_client */;

--
-- Dumping data for table `qrtz_job_details`
--

LOCK TABLES `qrtz_job_details` WRITE;
/*!40000 ALTER TABLE `qrtz_job_details` DISABLE KEYS */;
/*!40000 ALTER TABLE `qrtz_job_details` ENABLE KEYS */;
UNLOCK TABLES;

--
-- Table structure for table `qrtz_locks`
--

DROP TABLE IF EXISTS `qrtz_locks`;
/*!40101 SET @saved_cs_client     = @@character_set_client */;
/*!50503 SET character_set_client = utf8mb4 */;
CREATE TABLE `qrtz_locks` (
                              `sched_name` varchar(120) NOT NULL COMMENT '调度名称',
                              `lock_name` varchar(40) NOT NULL COMMENT '悲观锁名称',
                              PRIMARY KEY (`sched_name`,`lock_name`)
) ENGINE=InnoDB DEFAULT CHARSET=utf8mb4 COLLATE=utf8mb4_0900_ai_ci COMMENT='存储的悲观锁信息表';
/*!40101 SET character_set_client = @saved_cs_client */;

--
-- Dumping data for table `qrtz_locks`
--

LOCK TABLES `qrtz_locks` WRITE;
/*!40000 ALTER TABLE `qrtz_locks` DISABLE KEYS */;
/*!40000 ALTER TABLE `qrtz_locks` ENABLE KEYS */;
UNLOCK TABLES;

--
-- Table structure for table `qrtz_paused_trigger_grps`
--

DROP TABLE IF EXISTS `qrtz_paused_trigger_grps`;
/*!40101 SET @saved_cs_client     = @@character_set_client */;
/*!50503 SET character_set_client = utf8mb4 */;
CREATE TABLE `qrtz_paused_trigger_grps` (
                                            `sched_name` varchar(120) NOT NULL COMMENT '调度名称',
                                            `trigger_group` varchar(200) NOT NULL COMMENT 'qrtz_triggers表trigger_group的外键',
                                            PRIMARY KEY (`sched_name`,`trigger_group`)
) ENGINE=InnoDB DEFAULT CHARSET=utf8mb4 COLLATE=utf8mb4_0900_ai_ci COMMENT='暂停的触发器表';
/*!40101 SET character_set_client = @saved_cs_client */;

--
-- Dumping data for table `qrtz_paused_trigger_grps`
--

LOCK TABLES `qrtz_paused_trigger_grps` WRITE;
/*!40000 ALTER TABLE `qrtz_paused_trigger_grps` DISABLE KEYS */;
/*!40000 ALTER TABLE `qrtz_paused_trigger_grps` ENABLE KEYS */;
UNLOCK TABLES;

--
-- Table structure for table `qrtz_scheduler_state`
--

DROP TABLE IF EXISTS `qrtz_scheduler_state`;
/*!40101 SET @saved_cs_client     = @@character_set_client */;
/*!50503 SET character_set_client = utf8mb4 */;
CREATE TABLE `qrtz_scheduler_state` (
                                        `sched_name` varchar(120) NOT NULL COMMENT '调度名称',
                                        `instance_name` varchar(200) NOT NULL COMMENT '实例名称',
                                        `last_checkin_time` bigint NOT NULL COMMENT '上次检查时间',
                                        `checkin_interval` bigint NOT NULL COMMENT '检查间隔时间',
                                        PRIMARY KEY (`sched_name`,`instance_name`)
) ENGINE=InnoDB DEFAULT CHARSET=utf8mb4 COLLATE=utf8mb4_0900_ai_ci COMMENT='调度器状态表';
/*!40101 SET character_set_client = @saved_cs_client */;

--
-- Dumping data for table `qrtz_scheduler_state`
--

LOCK TABLES `qrtz_scheduler_state` WRITE;
/*!40000 ALTER TABLE `qrtz_scheduler_state` DISABLE KEYS */;
/*!40000 ALTER TABLE `qrtz_scheduler_state` ENABLE KEYS */;
UNLOCK TABLES;

--
-- Table structure for table `qrtz_simple_triggers`
--

DROP TABLE IF EXISTS `qrtz_simple_triggers`;
/*!40101 SET @saved_cs_client     = @@character_set_client */;
/*!50503 SET character_set_client = utf8mb4 */;
CREATE TABLE `qrtz_simple_triggers` (
                                        `sched_name` varchar(120) NOT NULL COMMENT '调度名称',
                                        `trigger_name` varchar(200) NOT NULL COMMENT 'qrtz_triggers表trigger_name的外键',
                                        `trigger_group` varchar(200) NOT NULL COMMENT 'qrtz_triggers表trigger_group的外键',
                                        `repeat_count` bigint NOT NULL COMMENT '重复的次数统计',
                                        `repeat_interval` bigint NOT NULL COMMENT '重复的间隔时间',
                                        `times_triggered` bigint NOT NULL COMMENT '已经触发的次数',
                                        PRIMARY KEY (`sched_name`,`trigger_name`,`trigger_group`),
                                        CONSTRAINT `qrtz_simple_triggers_ibfk_1` FOREIGN KEY (`sched_name`, `trigger_name`, `trigger_group`) REFERENCES `qrtz_triggers` (`sched_name`, `trigger_name`, `trigger_group`)
) ENGINE=InnoDB DEFAULT CHARSET=utf8mb4 COLLATE=utf8mb4_0900_ai_ci COMMENT='简单触发器的信息表';
/*!40101 SET character_set_client = @saved_cs_client */;

--
-- Dumping data for table `qrtz_simple_triggers`
--

LOCK TABLES `qrtz_simple_triggers` WRITE;
/*!40000 ALTER TABLE `qrtz_simple_triggers` DISABLE KEYS */;
/*!40000 ALTER TABLE `qrtz_simple_triggers` ENABLE KEYS */;
UNLOCK TABLES;

--
-- Table structure for table `qrtz_simprop_triggers`
--

DROP TABLE IF EXISTS `qrtz_simprop_triggers`;
/*!40101 SET @saved_cs_client     = @@character_set_client */;
/*!50503 SET character_set_client = utf8mb4 */;
CREATE TABLE `qrtz_simprop_triggers` (
                                         `sched_name` varchar(120) NOT NULL COMMENT '调度名称',
                                         `trigger_name` varchar(200) NOT NULL COMMENT 'qrtz_triggers表trigger_name的外键',
                                         `trigger_group` varchar(200) NOT NULL COMMENT 'qrtz_triggers表trigger_group的外键',
                                         `str_prop_1` varchar(512) DEFAULT NULL COMMENT 'String类型的trigger的第一个参数',
                                         `str_prop_2` varchar(512) DEFAULT NULL COMMENT 'String类型的trigger的第二个参数',
                                         `str_prop_3` varchar(512) DEFAULT NULL COMMENT 'String类型的trigger的第三个参数',
                                         `int_prop_1` int DEFAULT NULL COMMENT 'int类型的trigger的第一个参数',
                                         `int_prop_2` int DEFAULT NULL COMMENT 'int类型的trigger的第二个参数',
                                         `long_prop_1` bigint DEFAULT NULL COMMENT 'long类型的trigger的第一个参数',
                                         `long_prop_2` bigint DEFAULT NULL COMMENT 'long类型的trigger的第二个参数',
                                         `dec_prop_1` decimal(13,4) DEFAULT NULL COMMENT 'decimal类型的trigger的第一个参数',
                                         `dec_prop_2` decimal(13,4) DEFAULT NULL COMMENT 'decimal类型的trigger的第二个参数',
                                         `bool_prop_1` varchar(1) DEFAULT NULL COMMENT 'Boolean类型的trigger的第一个参数',
                                         `bool_prop_2` varchar(1) DEFAULT NULL COMMENT 'Boolean类型的trigger的第二个参数',
                                         PRIMARY KEY (`sched_name`,`trigger_name`,`trigger_group`),
                                         CONSTRAINT `qrtz_simprop_triggers_ibfk_1` FOREIGN KEY (`sched_name`, `trigger_name`, `trigger_group`) REFERENCES `qrtz_triggers` (`sched_name`, `trigger_name`, `trigger_group`)
) ENGINE=InnoDB DEFAULT CHARSET=utf8mb4 COLLATE=utf8mb4_0900_ai_ci COMMENT='同步机制的行锁表';
/*!40101 SET character_set_client = @saved_cs_client */;

--
-- Dumping data for table `qrtz_simprop_triggers`
--

LOCK TABLES `qrtz_simprop_triggers` WRITE;
/*!40000 ALTER TABLE `qrtz_simprop_triggers` DISABLE KEYS */;
/*!40000 ALTER TABLE `qrtz_simprop_triggers` ENABLE KEYS */;
UNLOCK TABLES;

--
-- Table structure for table `qrtz_triggers`
--

DROP TABLE IF EXISTS `qrtz_triggers`;
/*!40101 SET @saved_cs_client     = @@character_set_client */;
/*!50503 SET character_set_client = utf8mb4 */;
CREATE TABLE `qrtz_triggers` (
                                 `sched_name` varchar(120) NOT NULL COMMENT '调度名称',
                                 `trigger_name` varchar(200) NOT NULL COMMENT '触发器的名字',
                                 `trigger_group` varchar(200) NOT NULL COMMENT '触发器所属组的名字',
                                 `job_name` varchar(200) NOT NULL COMMENT 'qrtz_job_details表job_name的外键',
                                 `job_group` varchar(200) NOT NULL COMMENT 'qrtz_job_details表job_group的外键',
                                 `description` varchar(250) DEFAULT NULL COMMENT '相关介绍',
                                 `next_fire_time` bigint DEFAULT NULL COMMENT '上一次触发时间（毫秒）',
                                 `prev_fire_time` bigint DEFAULT NULL COMMENT '下一次触发时间（默认为-1表示不触发）',
                                 `priority` int DEFAULT NULL COMMENT '优先级',
                                 `trigger_state` varchar(16) NOT NULL COMMENT '触发器状态',
                                 `trigger_type` varchar(8) NOT NULL COMMENT '触发器的类型',
                                 `start_time` bigint NOT NULL COMMENT '开始时间',
                                 `end_time` bigint DEFAULT NULL COMMENT '结束时间',
                                 `calendar_name` varchar(200) DEFAULT NULL COMMENT '日程表名称',
                                 `misfire_instr` smallint DEFAULT NULL COMMENT '补偿执行的策略',
                                 `job_data` blob COMMENT '存放持久化job对象',
                                 PRIMARY KEY (`sched_name`,`trigger_name`,`trigger_group`),
                                 KEY `sched_name` (`sched_name`,`job_name`,`job_group`),
                                 CONSTRAINT `qrtz_triggers_ibfk_1` FOREIGN KEY (`sched_name`, `job_name`, `job_group`) REFERENCES `qrtz_job_details` (`sched_name`, `job_name`, `job_group`)
) ENGINE=InnoDB DEFAULT CHARSET=utf8mb4 COLLATE=utf8mb4_0900_ai_ci COMMENT='触发器详细信息表';
/*!40101 SET character_set_client = @saved_cs_client */;

--
-- Dumping data for table `qrtz_triggers`
--

LOCK TABLES `qrtz_triggers` WRITE;
/*!40000 ALTER TABLE `qrtz_triggers` DISABLE KEYS */;
/*!40000 ALTER TABLE `qrtz_triggers` ENABLE KEYS */;
UNLOCK TABLES;

--
-- Table structure for table `sys_config`
--

DROP TABLE IF EXISTS `sys_config`;
/*!40101 SET @saved_cs_client     = @@character_set_client */;
/*!50503 SET character_set_client = utf8mb4 */;
CREATE TABLE `sys_config` (
                              `config_id` int NOT NULL AUTO_INCREMENT COMMENT '参数主键',
                              `config_name` varchar(100) DEFAULT '' COMMENT '参数名称',
                              `config_key` varchar(100) DEFAULT '' COMMENT '参数键名',
                              `config_value` varchar(500) DEFAULT '' COMMENT '参数键值',
                              `config_type` char(1) DEFAULT 'N' COMMENT '系统内置（Y是 N否）',
                              `create_by` varchar(64) DEFAULT '' COMMENT '创建者',
                              `create_time` datetime DEFAULT NULL COMMENT '创建时间',
                              `update_by` varchar(64) DEFAULT '' COMMENT '更新者',
                              `update_time` datetime DEFAULT NULL COMMENT '更新时间',
                              `remark` varchar(500) DEFAULT NULL COMMENT '备注',
                              PRIMARY KEY (`config_id`)
) ENGINE=InnoDB AUTO_INCREMENT=100 DEFAULT CHARSET=utf8mb4 COLLATE=utf8mb4_0900_ai_ci COMMENT='参数配置表';
/*!40101 SET character_set_client = @saved_cs_client */;

--
-- Dumping data for table `sys_config`
--

LOCK TABLES `sys_config` WRITE;
/*!40000 ALTER TABLE `sys_config` DISABLE KEYS */;
INSERT INTO `sys_config` VALUES (1,'主框架页-默认皮肤样式名称','sys.index.skinName','skin-blue','Y','admin','2023-06-27 20:26:37','',NULL,'蓝色 skin-blue、绿色 skin-green、紫色 skin-purple、红色 skin-red、黄色 skin-yellow'),(2,'用户管理-账号初始密码','sys.user.initPassword','123456','Y','admin','2023-06-27 20:26:37','',NULL,'初始化密码 123456'),(3,'主框架页-侧边栏主题','sys.index.sideTheme','theme-dark','Y','admin','2023-06-27 20:26:37','',NULL,'深黑主题theme-dark，浅色主题theme-light，深蓝主题theme-blue'),(4,'账号自助-是否开启用户注册功能','sys.account.registerUser','false','Y','admin','2023-06-27 20:26:37','',NULL,'是否开启注册用户功能（true开启，false关闭）'),(5,'用户管理-密码字符范围','sys.account.chrtype','0','Y','admin','2023-06-27 20:26:37','',NULL,'默认任意字符范围，0任意（密码可以输入任意字符），1数字（密码只能为0-9数字），2英文字母（密码只能为a-z和A-Z字母），3字母和数字（密码必须包含字母，数字）,4字母数字和特殊字符（目前支持的特殊字符包括：~!@#$%^&*()-=_+）'),(6,'用户管理-初始密码修改策略','sys.account.initPasswordModify','0','Y','admin','2023-06-27 20:26:37','',NULL,'0：初始密码修改策略关闭，没有任何提示，1：提醒用户，如果未修改初始密码，则在登录时就会提醒修改密码对话框'),(7,'用户管理-账号密码更新周期','sys.account.passwordValidateDays','0','Y','admin','2023-06-27 20:26:37','',NULL,'密码更新周期（填写数字，数据初始化值为0不限制，若修改必须为大于0小于365的正整数），如果超过这个周期登录系统时，则在登录时就会提醒修改密码对话框'),(8,'主框架页-菜单导航显示风格','sys.index.menuStyle','default','Y','admin','2023-06-27 20:26:37','',NULL,'菜单导航显示风格（default为左侧导航菜单，topnav为顶部导航菜单）'),(9,'主框架页-是否开启页脚','sys.index.footer','true','Y','admin','2023-06-27 20:26:37','',NULL,'是否开启底部页脚显示（true显示，false隐藏）'),(10,'主框架页-是否开启页签','sys.index.tagsView','true','Y','admin','2023-06-27 20:26:37','',NULL,'是否开启菜单多页签显示（true显示，false隐藏）'),(11,'用户登录-黑名单列表','sys.login.blackIPList','','Y','admin','2023-06-27 20:26:37','',NULL,'设置登录IP黑名单限制，多个匹配项以;分隔，支持匹配（*通配、网段）');
/*!40000 ALTER TABLE `sys_config` ENABLE KEYS */;
UNLOCK TABLES;

--
-- Table structure for table `sys_dept`
--

DROP TABLE IF EXISTS `sys_dept`;
/*!40101 SET @saved_cs_client     = @@character_set_client */;
/*!50503 SET character_set_client = utf8mb4 */;
CREATE TABLE `sys_dept` (
                            `dept_id` bigint NOT NULL AUTO_INCREMENT COMMENT '部门id',
                            `parent_id` bigint DEFAULT '0' COMMENT '父部门id',
                            `ancestors` varchar(50) DEFAULT '' COMMENT '祖级列表',
                            `dept_name` varchar(30) DEFAULT '' COMMENT '部门名称',
                            `order_num` int DEFAULT '0' COMMENT '显示顺序',
                            `leader` varchar(20) DEFAULT NULL COMMENT '负责人',
                            `phone` varchar(11) DEFAULT NULL COMMENT '联系电话',
                            `email` varchar(50) DEFAULT NULL COMMENT '邮箱',
                            `status` char(1) DEFAULT '0' COMMENT '部门状态（0正常 1停用）',
                            `del_flag` char(1) DEFAULT '0' COMMENT '删除标志（0代表存在 2代表删除）',
                            `create_by` varchar(64) DEFAULT '' COMMENT '创建者',
                            `create_time` datetime DEFAULT NULL COMMENT '创建时间',
                            `update_by` varchar(64) DEFAULT '' COMMENT '更新者',
                            `update_time` datetime DEFAULT NULL COMMENT '更新时间',
                            PRIMARY KEY (`dept_id`)
) ENGINE=InnoDB AUTO_INCREMENT=200 DEFAULT CHARSET=utf8mb4 COLLATE=utf8mb4_0900_ai_ci COMMENT='部门表';
/*!40101 SET character_set_client = @saved_cs_client */;

--
-- Dumping data for table `sys_dept`
--

LOCK TABLES `sys_dept` WRITE;
/*!40000 ALTER TABLE `sys_dept` DISABLE KEYS */;
INSERT INTO `sys_dept` VALUES (100,0,'0','厦门大学嘉庚学院',0,'嘉庚','15888888888','xujc@qq.com','0','0','admin','2023-06-27 20:26:31','admin','2023-07-06 16:06:37'),(101,100,'0,100','信息工程与技术学院',1,'信院','15888888888','xujcsist@qq.com','0','0','admin','2023-06-27 20:26:31','admin','2023-07-06 16:07:59'),(102,100,'0,100','机电工程学院',2,'若依','15888888888','ry@qq.com','0','0','admin','2023-06-27 20:26:31','admin','2023-07-06 16:09:48'),(103,101,'0,100,101','软件工程',1,'swe','15888888888','swe@qq.com','0','0','admin','2023-06-27 20:26:31','admin','2023-07-06 16:08:32'),(104,101,'0,100,101','计算机科学与技术',2,'若依','15888888888','ry@qq.com','0','0','admin','2023-06-27 20:26:31','admin','2023-07-06 16:08:47'),(105,101,'0,100,101','电子信息工程',3,'若依','15888888888','ry@qq.com','0','0','admin','2023-06-27 20:26:31','admin','2023-07-06 16:09:10'),(106,101,'0,100,101','财务部门',4,'若依','15888888888','ry@qq.com','0','2','admin','2023-06-27 20:26:31','',NULL),(107,101,'0,100,101','运维部门',5,'若依','15888888888','ry@qq.com','0','2','admin','2023-06-27 20:26:31','',NULL),(108,102,'0,100,102','机械设计制造及其自动化',1,'若依','15888888888','ry@qq.com','0','0','admin','2023-06-27 20:26:32','admin','2023-07-06 16:10:21'),(109,102,'0,100,102','机械电子工程',2,'若依','15888888888','ry@qq.com','0','0','admin','2023-06-27 20:26:32','admin','2023-07-06 16:10:46');
/*!40000 ALTER TABLE `sys_dept` ENABLE KEYS */;
UNLOCK TABLES;

--
-- Table structure for table `sys_dict_data`
--

DROP TABLE IF EXISTS `sys_dict_data`;
/*!40101 SET @saved_cs_client     = @@character_set_client */;
/*!50503 SET character_set_client = utf8mb4 */;
CREATE TABLE `sys_dict_data` (
                                 `dict_code` bigint NOT NULL AUTO_INCREMENT COMMENT '字典编码',
                                 `dict_sort` int DEFAULT '0' COMMENT '字典排序',
                                 `dict_label` varchar(100) DEFAULT '' COMMENT '字典标签',
                                 `dict_value` varchar(100) DEFAULT '' COMMENT '字典键值',
                                 `dict_type` varchar(100) DEFAULT '' COMMENT '字典类型',
                                 `css_class` varchar(100) DEFAULT NULL COMMENT '样式属性（其他样式扩展）',
                                 `list_class` varchar(100) DEFAULT NULL COMMENT '表格回显样式',
                                 `is_default` char(1) DEFAULT 'N' COMMENT '是否默认（Y是 N否）',
                                 `status` char(1) DEFAULT '0' COMMENT '状态（0正常 1停用）',
                                 `create_by` varchar(64) DEFAULT '' COMMENT '创建者',
                                 `create_time` datetime DEFAULT NULL COMMENT '创建时间',
                                 `update_by` varchar(64) DEFAULT '' COMMENT '更新者',
                                 `update_time` datetime DEFAULT NULL COMMENT '更新时间',
                                 `remark` varchar(500) DEFAULT NULL COMMENT '备注',
                                 PRIMARY KEY (`dict_code`)
) ENGINE=InnoDB AUTO_INCREMENT=100 DEFAULT CHARSET=utf8mb4 COLLATE=utf8mb4_0900_ai_ci COMMENT='字典数据表';
/*!40101 SET character_set_client = @saved_cs_client */;

--
-- Dumping data for table `sys_dict_data`
--

LOCK TABLES `sys_dict_data` WRITE;
/*!40000 ALTER TABLE `sys_dict_data` DISABLE KEYS */;
INSERT INTO `sys_dict_data` VALUES (1,1,'男','0','sys_user_sex','','','Y','0','admin','2023-06-27 20:26:36','',NULL,'性别男'),(2,2,'女','1','sys_user_sex','','','N','0','admin','2023-06-27 20:26:36','',NULL,'性别女'),(3,3,'未知','2','sys_user_sex','','','N','0','admin','2023-06-27 20:26:36','',NULL,'性别未知'),(4,1,'显示','0','sys_show_hide','','primary','Y','0','admin','2023-06-27 20:26:36','',NULL,'显示菜单'),(5,2,'隐藏','1','sys_show_hide','','danger','N','0','admin','2023-06-27 20:26:36','',NULL,'隐藏菜单'),(6,1,'正常','0','sys_normal_disable','','primary','Y','0','admin','2023-06-27 20:26:36','',NULL,'正常状态'),(7,2,'停用','1','sys_normal_disable','','danger','N','0','admin','2023-06-27 20:26:36','',NULL,'停用状态'),(8,1,'正常','0','sys_job_status','','primary','Y','0','admin','2023-06-27 20:26:36','',NULL,'正常状态'),(9,2,'暂停','1','sys_job_status','','danger','N','0','admin','2023-06-27 20:26:36','',NULL,'停用状态'),(10,1,'默认','DEFAULT','sys_job_group','','','Y','0','admin','2023-06-27 20:26:36','',NULL,'默认分组'),(11,2,'系统','SYSTEM','sys_job_group','','','N','0','admin','2023-06-27 20:26:36','',NULL,'系统分组'),(12,1,'是','Y','sys_yes_no','','primary','Y','0','admin','2023-06-27 20:26:36','',NULL,'系统默认是'),(13,2,'否','N','sys_yes_no','','danger','N','0','admin','2023-06-27 20:26:36','',NULL,'系统默认否'),(14,1,'通知','1','sys_notice_type','','warning','Y','0','admin','2023-06-27 20:26:36','',NULL,'通知'),(15,2,'公告','2','sys_notice_type','','success','N','0','admin','2023-06-27 20:26:36','',NULL,'公告'),(16,1,'正常','0','sys_notice_status','','primary','Y','0','admin','2023-06-27 20:26:36','',NULL,'正常状态'),(17,2,'关闭','1','sys_notice_status','','danger','N','0','admin','2023-06-27 20:26:36','',NULL,'关闭状态'),(18,99,'其他','0','sys_oper_type','','info','N','0','admin','2023-06-27 20:26:36','',NULL,'其他操作'),(19,1,'新增','1','sys_oper_type','','info','N','0','admin','2023-06-27 20:26:36','',NULL,'新增操作'),(20,2,'修改','2','sys_oper_type','','info','N','0','admin','2023-06-27 20:26:37','',NULL,'修改操作'),(21,3,'删除','3','sys_oper_type','','danger','N','0','admin','2023-06-27 20:26:37','',NULL,'删除操作'),(22,4,'授权','4','sys_oper_type','','primary','N','0','admin','2023-06-27 20:26:37','',NULL,'授权操作'),(23,5,'导出','5','sys_oper_type','','warning','N','0','admin','2023-06-27 20:26:37','',NULL,'导出操作'),(24,6,'导入','6','sys_oper_type','','warning','N','0','admin','2023-06-27 20:26:37','',NULL,'导入操作'),(25,7,'强退','7','sys_oper_type','','danger','N','0','admin','2023-06-27 20:26:37','',NULL,'强退操作'),(26,8,'生成代码','8','sys_oper_type','','warning','N','0','admin','2023-06-27 20:26:37','',NULL,'生成操作'),(27,9,'清空数据','9','sys_oper_type','','danger','N','0','admin','2023-06-27 20:26:37','',NULL,'清空操作'),(28,1,'成功','0','sys_common_status','','primary','N','0','admin','2023-06-27 20:26:37','',NULL,'正常状态'),(29,2,'失败','1','sys_common_status','','danger','N','0','admin','2023-06-27 20:26:37','',NULL,'停用状态');
/*!40000 ALTER TABLE `sys_dict_data` ENABLE KEYS */;
UNLOCK TABLES;

--
-- Table structure for table `sys_dict_type`
--

DROP TABLE IF EXISTS `sys_dict_type`;
/*!40101 SET @saved_cs_client     = @@character_set_client */;
/*!50503 SET character_set_client = utf8mb4 */;
CREATE TABLE `sys_dict_type` (
                                 `dict_id` bigint NOT NULL AUTO_INCREMENT COMMENT '字典主键',
                                 `dict_name` varchar(100) DEFAULT '' COMMENT '字典名称',
                                 `dict_type` varchar(100) DEFAULT '' COMMENT '字典类型',
                                 `status` char(1) DEFAULT '0' COMMENT '状态（0正常 1停用）',
                                 `create_by` varchar(64) DEFAULT '' COMMENT '创建者',
                                 `create_time` datetime DEFAULT NULL COMMENT '创建时间',
                                 `update_by` varchar(64) DEFAULT '' COMMENT '更新者',
                                 `update_time` datetime DEFAULT NULL COMMENT '更新时间',
                                 `remark` varchar(500) DEFAULT NULL COMMENT '备注',
                                 PRIMARY KEY (`dict_id`),
                                 UNIQUE KEY `dict_type` (`dict_type`)
) ENGINE=InnoDB AUTO_INCREMENT=100 DEFAULT CHARSET=utf8mb4 COLLATE=utf8mb4_0900_ai_ci COMMENT='字典类型表';
/*!40101 SET character_set_client = @saved_cs_client */;

--
-- Dumping data for table `sys_dict_type`
--

LOCK TABLES `sys_dict_type` WRITE;
/*!40000 ALTER TABLE `sys_dict_type` DISABLE KEYS */;
INSERT INTO `sys_dict_type` VALUES (1,'用户性别','sys_user_sex','0','admin','2023-06-27 20:26:36','',NULL,'用户性别列表'),(2,'菜单状态','sys_show_hide','0','admin','2023-06-27 20:26:36','',NULL,'菜单状态列表'),(3,'系统开关','sys_normal_disable','0','admin','2023-06-27 20:26:36','',NULL,'系统开关列表'),(4,'任务状态','sys_job_status','0','admin','2023-06-27 20:26:36','',NULL,'任务状态列表'),(5,'任务分组','sys_job_group','0','admin','2023-06-27 20:26:36','',NULL,'任务分组列表'),(6,'系统是否','sys_yes_no','0','admin','2023-06-27 20:26:36','',NULL,'系统是否列表'),(7,'通知类型','sys_notice_type','0','admin','2023-06-27 20:26:36','',NULL,'通知类型列表'),(8,'通知状态','sys_notice_status','0','admin','2023-06-27 20:26:36','',NULL,'通知状态列表'),(9,'操作类型','sys_oper_type','0','admin','2023-06-27 20:26:36','',NULL,'操作类型列表'),(10,'系统状态','sys_common_status','0','admin','2023-06-27 20:26:36','',NULL,'登录状态列表');
/*!40000 ALTER TABLE `sys_dict_type` ENABLE KEYS */;
UNLOCK TABLES;

--
-- Table structure for table `sys_job`
--

DROP TABLE IF EXISTS `sys_job`;
/*!40101 SET @saved_cs_client     = @@character_set_client */;
/*!50503 SET character_set_client = utf8mb4 */;
CREATE TABLE `sys_job` (
                           `job_id` bigint NOT NULL AUTO_INCREMENT COMMENT '任务ID',
                           `job_name` varchar(64) NOT NULL DEFAULT '' COMMENT '任务名称',
                           `job_group` varchar(64) NOT NULL DEFAULT 'DEFAULT' COMMENT '任务组名',
                           `invoke_target` varchar(500) NOT NULL COMMENT '调用目标字符串',
                           `cron_expression` varchar(255) DEFAULT '' COMMENT 'cron执行表达式',
                           `misfire_policy` varchar(20) DEFAULT '3' COMMENT '计划执行错误策略（1立即执行 2执行一次 3放弃执行）',
                           `concurrent` char(1) DEFAULT '1' COMMENT '是否并发执行（0允许 1禁止）',
                           `status` char(1) DEFAULT '0' COMMENT '状态（0正常 1暂停）',
                           `create_by` varchar(64) DEFAULT '' COMMENT '创建者',
                           `create_time` datetime DEFAULT NULL COMMENT '创建时间',
                           `update_by` varchar(64) DEFAULT '' COMMENT '更新者',
                           `update_time` datetime DEFAULT NULL COMMENT '更新时间',
                           `remark` varchar(500) DEFAULT '' COMMENT '备注信息',
                           PRIMARY KEY (`job_id`,`job_name`,`job_group`)
) ENGINE=InnoDB AUTO_INCREMENT=100 DEFAULT CHARSET=utf8mb4 COLLATE=utf8mb4_0900_ai_ci COMMENT='定时任务调度表';
/*!40101 SET character_set_client = @saved_cs_client */;

--
-- Dumping data for table `sys_job`
--

LOCK TABLES `sys_job` WRITE;
/*!40000 ALTER TABLE `sys_job` DISABLE KEYS */;
INSERT INTO `sys_job` VALUES (1,'系统默认（无参）','DEFAULT','ryTask.ryNoParams','0/10 * * * * ?','3','1','1','admin','2023-06-27 20:26:37','',NULL,''),(2,'系统默认（有参）','DEFAULT','ryTask.ryParams(\'ry\')','0/15 * * * * ?','3','1','1','admin','2023-06-27 20:26:37','',NULL,''),(3,'系统默认（多参）','DEFAULT','ryTask.ryMultipleParams(\'ry\', true, 2000L, 316.50D, 100)','0/20 * * * * ?','3','1','1','admin','2023-06-27 20:26:37','',NULL,'');
/*!40000 ALTER TABLE `sys_job` ENABLE KEYS */;
UNLOCK TABLES;

--
-- Table structure for table `sys_job_log`
--

DROP TABLE IF EXISTS `sys_job_log`;
/*!40101 SET @saved_cs_client     = @@character_set_client */;
/*!50503 SET character_set_client = utf8mb4 */;
CREATE TABLE `sys_job_log` (
                               `job_log_id` bigint NOT NULL AUTO_INCREMENT COMMENT '任务日志ID',
                               `job_name` varchar(64) NOT NULL COMMENT '任务名称',
                               `job_group` varchar(64) NOT NULL COMMENT '任务组名',
                               `invoke_target` varchar(500) NOT NULL COMMENT '调用目标字符串',
                               `job_message` varchar(500) DEFAULT NULL COMMENT '日志信息',
                               `status` char(1) DEFAULT '0' COMMENT '执行状态（0正常 1失败）',
                               `exception_info` varchar(2000) DEFAULT '' COMMENT '异常信息',
                               `create_time` datetime DEFAULT NULL COMMENT '创建时间',
                               PRIMARY KEY (`job_log_id`)
) ENGINE=InnoDB DEFAULT CHARSET=utf8mb4 COLLATE=utf8mb4_0900_ai_ci COMMENT='定时任务调度日志表';
/*!40101 SET character_set_client = @saved_cs_client */;

--
-- Dumping data for table `sys_job_log`
--

LOCK TABLES `sys_job_log` WRITE;
/*!40000 ALTER TABLE `sys_job_log` DISABLE KEYS */;
/*!40000 ALTER TABLE `sys_job_log` ENABLE KEYS */;
UNLOCK TABLES;

--
-- Table structure for table `sys_logininfor`
--

DROP TABLE IF EXISTS `sys_logininfor`;
/*!40101 SET @saved_cs_client     = @@character_set_client */;
/*!50503 SET character_set_client = utf8mb4 */;
CREATE TABLE `sys_logininfor` (
                                  `info_id` bigint NOT NULL AUTO_INCREMENT COMMENT '访问ID',
                                  `login_name` varchar(50) DEFAULT '' COMMENT '登录账号',
                                  `ipaddr` varchar(128) DEFAULT '' COMMENT '登录IP地址',
                                  `login_location` varchar(255) DEFAULT '' COMMENT '登录地点',
                                  `browser` varchar(50) DEFAULT '' COMMENT '浏览器类型',
                                  `os` varchar(50) DEFAULT '' COMMENT '操作系统',
                                  `status` char(1) DEFAULT '0' COMMENT '登录状态（0成功 1失败）',
                                  `msg` varchar(255) DEFAULT '' COMMENT '提示消息',
                                  `login_time` datetime DEFAULT NULL COMMENT '访问时间',
                                  PRIMARY KEY (`info_id`),
                                  KEY `idx_sys_logininfor_s` (`status`),
                                  KEY `idx_sys_logininfor_lt` (`login_time`)
) ENGINE=InnoDB AUTO_INCREMENT=321 DEFAULT CHARSET=utf8mb4 COLLATE=utf8mb4_0900_ai_ci COMMENT='系统访问记录';
/*!40101 SET character_set_client = @saved_cs_client */;

--
-- Dumping data for table `sys_logininfor`
--

LOCK TABLES `sys_logininfor` WRITE;
/*!40000 ALTER TABLE `sys_logininfor` DISABLE KEYS */;
INSERT INTO `sys_logininfor` VALUES (100,'admin','127.0.0.1','内网IP','Chrome 11','Windows 10','0','登录成功','2023-06-27 20:59:05'),(101,'admin','127.0.0.1','内网IP','Chrome 11','Windows 10','0','登录成功','2023-06-27 21:44:55'),(102,'admin','127.0.0.1','内网IP','Chrome 11','Windows 10','0','登录成功','2023-06-28 15:02:07'),(103,'admin','127.0.0.1','内网IP','Chrome 11','Windows 10','0','登录成功','2023-06-29 21:08:31'),(104,'admin','127.0.0.1','内网IP','Chrome 11','Windows 10','0','退出成功','2023-06-29 21:10:00'),(105,'ry','127.0.0.1','内网IP','Chrome 11','Windows 10','0','登录成功','2023-06-29 21:10:07'),(106,'ry','127.0.0.1','内网IP','Chrome 11','Windows 10','0','退出成功','2023-06-29 21:13:26'),(107,'admin','127.0.0.1','内网IP','Chrome 11','Windows 10','0','登录成功','2023-06-29 21:13:30'),(108,'admin','127.0.0.1','内网IP','Chrome 11','Windows 10','0','登录成功','2023-06-30 10:27:31'),(109,'admin','127.0.0.1','内网IP','Chrome 11','Windows 10','0','登录成功','2023-06-30 10:35:45'),(110,'admin','127.0.0.1','内网IP','Chrome 11','Windows 10','0','登录成功','2023-06-30 10:54:09'),(111,'admin','127.0.0.1','内网IP','Chrome 11','Windows 10','0','登录成功','2023-06-30 11:35:32'),(112,'admin','127.0.0.1','内网IP','Chrome 11','Windows 10','0','登录成功','2023-06-30 14:57:41'),(113,'admin','127.0.0.1','内网IP','Chrome 11','Windows 10','0','登录成功','2023-06-30 15:06:13'),(114,'admin','127.0.0.1','内网IP','Chrome 11','Windows 10','0','登录成功','2023-06-30 15:13:33'),(115,'admin','127.0.0.1','内网IP','Chrome 11','Windows 10','0','登录成功','2023-06-30 15:17:37'),(116,'admin','127.0.0.1','内网IP','Chrome 11','Windows 10','0','登录成功','2023-06-30 15:18:07'),(117,'admin','127.0.0.1','内网IP','Chrome 11','Windows 10','0','退出成功','2023-06-30 15:18:12'),(118,'admin','127.0.0.1','内网IP','Chrome 11','Windows 10','0','登录成功','2023-06-30 15:18:19'),(119,'admin','127.0.0.1','内网IP','Chrome 11','Windows 10','0','退出成功','2023-06-30 15:18:30'),(120,'user','127.0.0.1','内网IP','Chrome 11','Windows 10','0','登录成功','2023-06-30 15:18:35'),(121,'user','127.0.0.1','内网IP','Chrome 11','Windows 10','0','退出成功','2023-06-30 15:18:48'),(122,'admin','127.0.0.1','内网IP','Chrome 11','Windows 10','1','密码输入错误1次','2023-06-30 15:18:54'),(123,'admin','127.0.0.1','内网IP','Chrome 11','Windows 10','1','密码输入错误2次','2023-06-30 15:18:58'),(124,'admin','127.0.0.1','内网IP','Chrome 11','Windows 10','0','登录成功','2023-06-30 15:19:03'),(125,'admin','127.0.0.1','内网IP','Chrome 11','Windows 10','0','退出成功','2023-06-30 15:24:44'),(126,'admin','127.0.0.1','内网IP','Chrome 11','Windows 10','0','登录成功','2023-06-30 15:24:48'),(127,'admin','127.0.0.1','内网IP','Chrome 11','Windows 10','0','退出成功','2023-06-30 15:25:07'),(128,'admin','127.0.0.1','内网IP','Chrome 11','Windows 10','0','登录成功','2023-06-30 15:25:11'),(129,'admin','127.0.0.1','内网IP','Chrome 11','Windows 10','0','退出成功','2023-06-30 15:25:15'),(130,'user','127.0.0.1','内网IP','Chrome 11','Windows 10','0','登录成功','2023-06-30 15:25:23'),(131,'admin','127.0.0.1','内网IP','Chrome 11','Windows 10','0','登录成功','2023-06-30 15:30:58'),(132,'admin','127.0.0.1','内网IP','Chrome 11','Windows 10','0','登录成功','2023-06-30 16:02:02'),(133,'admin','127.0.0.1','内网IP','Chrome 11','Windows 10','0','登录成功','2023-06-30 16:45:29'),(134,'admin','127.0.0.1','内网IP','Chrome 11','Windows 10','0','登录成功','2023-06-30 17:15:33'),(135,'admin','127.0.0.1','内网IP','Chrome 11','Windows 10','0','登录成功','2023-06-30 17:24:34'),(136,'admin','127.0.0.1','内网IP','Chrome 11','Windows 10','0','退出成功','2023-06-30 17:25:09'),(137,'admin','127.0.0.1','内网IP','Chrome 11','Windows 10','0','登录成功','2023-07-03 08:26:30'),(138,'admin','127.0.0.1','内网IP','Chrome 11','Windows 10','0','登录成功','2023-07-03 08:35:34'),(139,'admin','127.0.0.1','内网IP','Chrome 11','Windows 10','0','登录成功','2023-07-03 08:43:13'),(140,'admin','127.0.0.1','内网IP','Chrome 11','Windows 10','0','登录成功','2023-07-03 08:52:23'),(141,'admin','127.0.0.1','内网IP','Chrome 11','Windows 10','0','登录成功','2023-07-03 09:02:47'),(142,'admin','127.0.0.1','内网IP','Chrome 11','Windows 10','0','登录成功','2023-07-03 09:14:42'),(143,'admin','127.0.0.1','内网IP','Chrome 11','Windows 10','0','退出成功','2023-07-03 09:15:28'),(144,'user','127.0.0.1','内网IP','Chrome 11','Windows 10','0','登录成功','2023-07-03 09:15:39'),(145,'admin','127.0.0.1','内网IP','Chrome 11','Windows 10','0','登录成功','2023-07-03 09:16:35'),(146,'admin','127.0.0.1','内网IP','Chrome 11','Windows 10','0','退出成功','2023-07-03 09:17:20'),(147,'user','127.0.0.1','内网IP','Chrome 11','Windows 10','1','密码输入错误1次','2023-07-03 09:17:24'),(148,'user','127.0.0.1','内网IP','Chrome 11','Windows 10','0','登录成功','2023-07-03 09:17:32'),(149,'admin','127.0.0.1','内网IP','Chrome 11','Windows 10','0','登录成功','2023-07-03 09:26:40'),(150,'admin','127.0.0.1','内网IP','Chrome 11','Windows 10','0','登录成功','2023-07-03 09:39:36'),(151,'admin','127.0.0.1','内网IP','Chrome 11','Windows 10','1','验证码错误','2023-07-03 09:41:20'),(152,'admin','127.0.0.1','内网IP','Chrome 11','Windows 10','0','登录成功','2023-07-03 09:41:22'),(153,'admin','127.0.0.1','内网IP','Chrome 11','Windows 10','0','登录成功','2023-07-03 10:03:23'),(154,'admin','127.0.0.1','内网IP','Chrome 11','Windows 10','0','退出成功','2023-07-03 10:06:54'),(155,'admin','127.0.0.1','内网IP','Chrome 11','Windows 10','0','登录成功','2023-07-03 10:06:58'),(156,'admin','127.0.0.1','内网IP','Chrome 11','Windows 10','0','登录成功','2023-07-03 10:12:17'),(157,'admin','127.0.0.1','内网IP','Chrome 11','Windows 10','0','登录成功','2023-07-03 10:26:39'),(158,'admin','127.0.0.1','内网IP','Chrome 11','Windows 10','0','登录成功','2023-07-05 15:30:30'),(159,'admin','127.0.0.1','内网IP','Chrome 11','Windows 10','0','登录成功','2023-07-05 15:43:33'),(160,'admin','127.0.0.1','内网IP','Chrome 11','Windows 10','0','登录成功','2023-07-05 16:12:25'),(161,'admin','127.0.0.1','内网IP','Chrome 11','Windows 10','1','验证码错误','2023-07-05 16:18:39'),(162,'admin','127.0.0.1','内网IP','Chrome 11','Windows 10','0','登录成功','2023-07-05 16:18:42'),(163,'admin','127.0.0.1','内网IP','Chrome 11','Windows 10','0','登录成功','2023-07-05 16:28:40'),(164,'admin','127.0.0.1','内网IP','Chrome 11','Windows 10','0','登录成功','2023-07-05 16:32:34'),(165,'admin','127.0.0.1','内网IP','Chrome 11','Windows 10','1','验证码错误','2023-07-05 16:35:57'),(166,'admin','127.0.0.1','内网IP','Chrome 11','Windows 10','0','登录成功','2023-07-05 16:36:01'),(167,'admin','127.0.0.1','内网IP','Chrome 11','Windows 10','0','登录成功','2023-07-05 16:48:49'),(168,'admin','127.0.0.1','内网IP','Chrome 11','Windows 10','0','登录成功','2023-07-05 16:57:20'),(169,'admin','127.0.0.1','内网IP','Chrome 11','Windows 10','0','登录成功','2023-07-05 17:19:12'),(170,'admin','127.0.0.1','内网IP','Chrome 11','Windows 10','1','验证码错误','2023-07-05 17:20:08'),(171,'admin','127.0.0.1','内网IP','Chrome 11','Windows 10','0','登录成功','2023-07-05 17:20:10'),(172,'admin','127.0.0.1','内网IP','Chrome 11','Windows 10','0','登录成功','2023-07-05 17:22:36'),(173,'admin','127.0.0.1','内网IP','Chrome 11','Windows 10','1','验证码错误','2023-07-05 17:24:08'),(174,'admin','127.0.0.1','内网IP','Chrome 11','Windows 10','0','登录成功','2023-07-05 17:24:11'),(175,'admin','127.0.0.1','内网IP','Chrome 11','Windows 10','0','登录成功','2023-07-05 17:25:38'),(176,'admin','127.0.0.1','内网IP','Chrome 11','Windows 10','0','登录成功','2023-07-05 17:28:29'),(177,'admin','127.0.0.1','内网IP','Chrome 11','Windows 10','0','登录成功','2023-07-05 17:30:40'),(178,'admin','127.0.0.1','内网IP','Chrome 11','Windows 10','0','登录成功','2023-07-05 17:33:37'),(179,'admin','127.0.0.1','内网IP','Chrome 11','Windows 10','0','登录成功','2023-07-05 17:45:12'),(180,'admin','127.0.0.1','内网IP','Chrome 11','Windows 10','0','登录成功','2023-07-05 17:49:00'),(181,'admin','127.0.0.1','内网IP','Chrome 11','Windows 10','0','登录成功','2023-07-05 17:52:14'),(182,'admin','127.0.0.1','内网IP','Chrome 11','Windows 10','0','登录成功','2023-07-05 22:24:01'),(183,'admin','127.0.0.1','内网IP','Chrome 11','Windows 10','0','登录成功','2023-07-05 22:34:27'),(184,'admin','127.0.0.1','内网IP','Chrome 11','Windows 10','0','登录成功','2023-07-05 22:35:24'),(185,'admin','127.0.0.1','内网IP','Chrome 11','Windows 10','0','登录成功','2023-07-05 22:39:44'),(186,'admin','127.0.0.1','内网IP','Chrome 11','Windows 10','0','登录成功','2023-07-05 22:41:12'),(187,'admin','127.0.0.1','内网IP','Chrome 11','Windows 10','0','登录成功','2023-07-05 22:42:38'),(188,'admin','127.0.0.1','内网IP','Chrome 11','Windows 10','0','登录成功','2023-07-05 22:50:41'),(189,'admin','127.0.0.1','内网IP','Chrome 11','Windows 10','1','验证码错误','2023-07-05 22:51:39'),(190,'admin','127.0.0.1','内网IP','Chrome 11','Windows 10','0','登录成功','2023-07-05 22:51:41'),(191,'admin','127.0.0.1','内网IP','Chrome 11','Windows 10','0','登录成功','2023-07-05 23:21:57'),(192,'admin','127.0.0.1','内网IP','Chrome 11','Windows 10','0','登录成功','2023-07-05 23:25:38'),(193,'admin','127.0.0.1','内网IP','Chrome 11','Windows 10','0','登录成功','2023-07-05 23:27:49'),(194,'admin','127.0.0.1','内网IP','Chrome 11','Windows 10','0','登录成功','2023-07-05 23:29:14'),(195,'admin','127.0.0.1','内网IP','Chrome 11','Windows 10','1','验证码错误','2023-07-05 23:31:16'),(196,'admin','127.0.0.1','内网IP','Chrome 11','Windows 10','0','登录成功','2023-07-05 23:31:20'),(197,'admin','127.0.0.1','内网IP','Chrome 11','Windows 10','0','登录成功','2023-07-05 23:35:39'),(198,'admin','127.0.0.1','内网IP','Chrome 11','Windows 10','0','登录成功','2023-07-05 23:43:24'),(199,'admin','127.0.0.1','内网IP','Chrome 11','Windows 10','0','登录成功','2023-07-05 23:44:50'),(200,'admin','127.0.0.1','内网IP','Chrome 11','Windows 10','0','退出成功','2023-07-05 23:44:56'),(201,'user','127.0.0.1','内网IP','Chrome 11','Windows 10','0','登录成功','2023-07-05 23:45:05'),(202,'admin','127.0.0.1','内网IP','Chrome 11','Windows 10','0','登录成功','2023-07-05 23:47:48'),(203,'admin','127.0.0.1','内网IP','Chrome 11','Windows 10','0','退出成功','2023-07-05 23:48:26'),(204,'user','127.0.0.1','内网IP','Chrome 11','Windows 10','0','登录成功','2023-07-05 23:48:31'),(205,'admin','127.0.0.1','内网IP','Chrome 11','Windows 10','0','登录成功','2023-07-06 00:03:32'),(206,'admin','127.0.0.1','内网IP','Chrome 11','Windows 10','0','退出成功','2023-07-06 00:03:39'),(207,'user','127.0.0.1','内网IP','Chrome 11','Windows 10','0','登录成功','2023-07-06 00:03:45'),(208,'admin','127.0.0.1','内网IP','Chrome 11','Windows 10','0','登录成功','2023-07-06 00:08:00'),(209,'admin','127.0.0.1','内网IP','Chrome 11','Windows 10','0','登录成功','2023-07-06 14:57:15'),(210,'admin','127.0.0.1','内网IP','Chrome 11','Windows 10','0','登录成功','2023-07-06 15:03:16'),(211,'admin','127.0.0.1','内网IP','Chrome 11','Windows 10','1','验证码错误','2023-07-06 15:05:05'),(212,'admin','127.0.0.1','内网IP','Chrome 11','Windows 10','0','登录成功','2023-07-06 15:05:09'),(213,'admin','127.0.0.1','内网IP','Chrome 11','Windows 10','0','登录成功','2023-07-06 15:06:45'),(214,'admin','127.0.0.1','内网IP','Chrome 11','Windows 10','0','登录成功','2023-07-06 15:12:03'),(215,'admin','127.0.0.1','内网IP','Chrome 11','Windows 10','0','登录成功','2023-07-06 15:31:35'),(216,'admin','127.0.0.1','内网IP','Chrome 11','Windows 10','1','验证码错误','2023-07-06 15:46:13'),(217,'admin','127.0.0.1','内网IP','Chrome 11','Windows 10','1','验证码错误','2023-07-06 15:46:16'),(218,'admin','127.0.0.1','内网IP','Chrome 11','Windows 10','1','验证码错误','2023-07-06 15:46:18'),(219,'admin','127.0.0.1','内网IP','Chrome 11','Windows 10','0','登录成功','2023-07-06 15:46:21'),(220,'admin','127.0.0.1','内网IP','Chrome 11','Windows 10','0','登录成功','2023-07-06 15:50:00'),(221,'admin','127.0.0.1','内网IP','Chrome 11','Windows 10','1','验证码错误','2023-07-06 15:55:38'),(222,'admin','127.0.0.1','内网IP','Chrome 11','Windows 10','0','登录成功','2023-07-06 15:55:40'),(223,'admin','127.0.0.1','内网IP','Chrome 11','Windows 10','0','登录成功','2023-07-06 15:56:48'),(224,'admin','127.0.0.1','内网IP','Chrome 11','Windows 10','0','登录成功','2023-07-06 15:59:25'),(225,'admin','127.0.0.1','内网IP','Chrome 11','Windows 10','0','登录成功','2023-07-06 16:01:43'),(226,'admin','127.0.0.1','内网IP','Chrome 11','Windows 10','0','登录成功','2023-07-06 16:03:04'),(227,'admin','127.0.0.1','内网IP','Chrome 11','Windows 10','0','登录成功','2023-07-06 16:04:54'),(228,'admin','127.0.0.1','内网IP','Chrome 11','Windows 10','0','退出成功','2023-07-06 16:16:24'),(229,'admin123','127.0.0.1','内网IP','Chrome 11','Windows 10','0','登录成功','2023-07-06 16:16:29'),(230,'admin','127.0.0.1','内网IP','Chrome 11','Windows 10','0','登录成功','2023-07-06 16:39:27'),(231,'admin','127.0.0.1','内网IP','Chrome 11','Windows 10','0','登录成功','2023-07-06 17:11:03'),(232,'admin','127.0.0.1','内网IP','Chrome 11','Windows 10','0','登录成功','2023-07-06 17:15:05'),(233,'admin','127.0.0.1','内网IP','Chrome 11','Windows 10','0','退出成功','2023-07-06 17:20:11'),(234,'admin123','127.0.0.1','内网IP','Chrome 11','Windows 10','0','登录成功','2023-07-06 17:20:16'),(235,'admin123','127.0.0.1','内网IP','Chrome 11','Windows 10','0','退出成功','2023-07-06 17:21:30'),(236,'SWE21026','127.0.0.1','内网IP','Chrome 11','Windows 10','1','密码输入错误1次','2023-07-06 17:21:36'),(237,'SWE21026','127.0.0.1','内网IP','Chrome 11','Windows 10','1','验证码错误','2023-07-06 17:21:39'),(238,'SWE21026','127.0.0.1','内网IP','Chrome 11','Windows 10','1','密码输入错误2次','2023-07-06 17:21:45'),(239,'admin','127.0.0.1','内网IP','Chrome 11','Windows 10','0','登录成功','2023-07-06 17:22:02'),(240,'admin','127.0.0.1','内网IP','Chrome 11','Windows 10','0','退出成功','2023-07-06 17:22:11'),(241,'SWE21026','127.0.0.1','内网IP','Chrome 11','Windows 10','0','登录成功','2023-07-06 17:22:21'),(242,'SWE21026','127.0.0.1','内网IP','Chrome 11','Windows 10','0','退出成功','2023-07-06 17:22:33'),(243,'admin123','127.0.0.1','内网IP','Chrome 11','Windows 10','0','登录成功','2023-07-06 17:22:37'),(244,'admin123','127.0.0.1','内网IP','Chrome 11','Windows 10','0','退出成功','2023-07-06 17:22:56'),(245,'admin','127.0.0.1','内网IP','Chrome 11','Windows 10','1','验证码错误','2023-07-06 17:23:00'),(246,'admin','127.0.0.1','内网IP','Chrome 11','Windows 10','0','登录成功','2023-07-06 17:23:03'),(247,'admin','127.0.0.1','内网IP','Chrome 11','Windows 10','0','退出成功','2023-07-06 17:24:20'),(248,'SWE21026','127.0.0.1','内网IP','Chrome 11','Windows 10','0','登录成功','2023-07-06 17:24:29'),(249,'SWE21026','127.0.0.1','内网IP','Chrome 11','Windows 10','1','密码输入错误1次','2023-07-06 17:24:51'),(250,'SWE21026','127.0.0.1','内网IP','Chrome 11','Windows 10','1','密码输入错误2次','2023-07-06 17:24:56'),(251,'SWE21026','127.0.0.1','内网IP','Chrome 11','Windows 10','1','密码输入错误3次','2023-07-06 17:24:58'),(252,'SWE21026','127.0.0.1','内网IP','Chrome 11','Windows 10','0','登录成功','2023-07-06 17:25:07'),(253,'SWE21026','127.0.0.1','内网IP','Chrome 11','Windows 10','0','退出成功','2023-07-06 17:25:18'),(254,'admin123','127.0.0.1','内网IP','Chrome 11','Windows 10','1','验证码错误','2023-07-06 17:25:25'),(255,'admin123','127.0.0.1','内网IP','Chrome 11','Windows 10','0','登录成功','2023-07-06 17:25:27'),(256,'SWE21026','127.0.0.1','内网IP','Chrome 11','Windows 10','0','登录成功','2023-07-06 17:30:14'),(257,'SWE21026','127.0.0.1','内网IP','Chrome 11','Windows 10','0','退出成功','2023-07-06 17:34:04'),(258,'admin123','127.0.0.1','内网IP','Chrome 11','Windows 10','0','登录成功','2023-07-06 17:34:07'),(259,'admin123','127.0.0.1','内网IP','Chrome 11','Windows 10','0','退出成功','2023-07-06 17:34:29'),(260,'admin','127.0.0.1','内网IP','Chrome 11','Windows 10','0','登录成功','2023-07-06 17:34:32'),(261,'admin','127.0.0.1','内网IP','Chrome 11','Windows 10','0','退出成功','2023-07-06 17:34:57'),(262,'SWE21026','127.0.0.1','内网IP','Chrome 11','Windows 10','1','密码输入错误1次','2023-07-06 17:35:05'),(263,'swe21026','127.0.0.1','内网IP','Chrome 11','Windows 10','1','验证码错误','2023-07-06 17:35:12'),(264,'swe21026','127.0.0.1','内网IP','Chrome 11','Windows 10','0','登录成功','2023-07-06 17:35:16'),(265,'SWE21026','127.0.0.1','内网IP','Chrome 11','Windows 10','0','退出成功','2023-07-06 17:37:51'),(266,'admin','127.0.0.1','内网IP','Chrome 11','Windows 10','0','登录成功','2023-07-06 17:37:55'),(267,'admin','127.0.0.1','内网IP','Chrome 11','Windows 10','0','退出成功','2023-07-06 17:51:04'),(268,'SWE21026','127.0.0.1','内网IP','Chrome 11','Windows 10','0','登录成功','2023-07-06 17:51:13'),(269,'SWE21026','127.0.0.1','内网IP','Chrome 11','Windows 10','0','退出成功','2023-07-06 17:56:40'),(270,'admin','127.0.0.1','内网IP','Chrome 11','Windows 10','0','登录成功','2023-07-06 17:56:42'),(271,'admin','127.0.0.1','内网IP','Chrome 11','Windows 10','0','退出成功','2023-07-06 17:58:17'),(272,'admin123','127.0.0.1','内网IP','Chrome 11','Windows 10','1','验证码错误','2023-07-06 17:58:25'),(273,'admin','127.0.0.1','内网IP','Chrome 11','Windows 10','0','登录成功','2023-07-06 17:58:30'),(274,'admin','127.0.0.1','内网IP','Chrome 11','Windows 10','0','登录成功','2023-07-06 18:00:20'),(275,'admin','127.0.0.1','内网IP','Chrome 11','Windows 10','0','退出成功','2023-07-06 18:00:32'),(276,'swe21026','127.0.0.1','内网IP','Chrome 11','Windows 10','0','登录成功','2023-07-06 18:00:40'),(277,'admin','127.0.0.1','内网IP','Chrome 11','Windows 10','0','登录成功','2023-07-06 18:15:18'),(278,'admin','127.0.0.1','内网IP','Chrome 11','Windows 10','0','退出成功','2023-07-06 18:15:22'),(279,'swe21026','127.0.0.1','内网IP','Chrome 11','Windows 10','0','登录成功','2023-07-06 18:15:30'),(280,'SWE21026','127.0.0.1','内网IP','Chrome 11','Windows 10','0','退出成功','2023-07-06 18:16:27'),(281,'admin','127.0.0.1','内网IP','Chrome 11','Windows 10','0','登录成功','2023-07-06 18:16:30'),(282,'admin','127.0.0.1','内网IP','Chrome 11','Windows 10','0','退出成功','2023-07-06 18:16:57'),(283,'swe21026','127.0.0.1','内网IP','Chrome 11','Windows 10','1','验证码错误','2023-07-06 18:17:06'),(284,'SWE21026','127.0.0.1','内网IP','Chrome 11','Windows 10','1','密码输入错误1次','2023-07-06 18:17:08'),(285,'SWE21026','127.0.0.1','内网IP','Chrome 11','Windows 10','1','密码输入错误2次','2023-07-06 18:17:12'),(286,'swe21026','127.0.0.1','内网IP','Chrome 11','Windows 10','0','登录成功','2023-07-06 18:17:19'),(287,'admin','127.0.0.1','内网IP','Chrome 11','Windows 10','0','登录成功','2023-07-06 18:20:42'),(288,'SWE21026','127.0.0.1','内网IP','Chrome 11','Windows 10','1','验证码错误','2023-07-06 18:22:28'),(289,'SWE21026','127.0.0.1','内网IP','Chrome 11','Windows 10','1','密码输入错误1次','2023-07-06 18:22:30'),(290,'SWE21026','127.0.0.1','内网IP','Chrome 11','Windows 10','0','登录成功','2023-07-06 18:22:37'),(291,'SWE21026','127.0.0.1','内网IP','Chrome 11','Windows 10','0','退出成功','2023-07-06 18:26:26'),(292,'admin','127.0.0.1','内网IP','Chrome 11','Windows 10','0','登录成功','2023-07-06 18:26:30'),(293,'admin','127.0.0.1','内网IP','Chrome 11','Windows 10','0','登录成功','2023-07-06 18:29:26'),(294,'admin','127.0.0.1','内网IP','Chrome 11','Windows 10','0','退出成功','2023-07-06 18:29:41'),(295,'admin123','127.0.0.1','内网IP','Chrome 11','Windows 10','0','登录成功','2023-07-06 18:29:53'),(296,'admin','127.0.0.1','内网IP','Chrome 11','Windows 10','0','登录成功','2023-07-06 18:37:07'),(297,'admin','127.0.0.1','内网IP','Chrome 11','Windows 10','0','退出成功','2023-07-06 18:37:29'),(298,'admin','127.0.0.1','内网IP','Chrome 11','Windows 10','0','登录成功','2023-07-06 18:57:10'),(299,'admin','127.0.0.1','内网IP','Chrome 11','Windows 10','0','退出成功','2023-07-06 18:57:20'),(300,'admin123','127.0.0.1','内网IP','Chrome 11','Windows 10','0','登录成功','2023-07-06 18:57:25'),(301,'admin123','127.0.0.1','内网IP','Chrome 11','Windows 10','0','退出成功','2023-07-06 18:58:40'),(302,'admin','127.0.0.1','内网IP','Chrome 11','Windows 10','0','登录成功','2023-07-06 18:58:46'),(303,'admin','127.0.0.1','内网IP','Chrome 11','Windows 10','0','退出成功','2023-07-06 18:59:31'),(304,'admin','127.0.0.1','内网IP','Chrome 11','Windows 10','1','验证码错误','2023-07-06 18:59:35'),(305,'admin','127.0.0.1','内网IP','Chrome 11','Windows 10','0','登录成功','2023-07-06 18:59:37'),(306,'admin','127.0.0.1','内网IP','Chrome 11','Windows 10','0','登录成功','2023-07-06 19:00:15'),(307,'admin123','127.0.0.1','内网IP','Chrome 11','Windows 10','0','登录成功','2023-07-06 19:10:29'),(308,'admin','127.0.0.1','内网IP','Chrome 11','Windows 10','0','登录成功','2023-07-06 19:16:48'),(309,'admin','127.0.0.1','内网IP','Chrome 11','Windows 10','0','登录成功','2023-07-06 19:17:42'),(310,'admin','127.0.0.1','内网IP','Chrome 11','Windows 10','0','登录成功','2023-07-06 19:30:13'),(311,'admin','127.0.0.1','内网IP','Chrome 11','Windows 10','0','登录成功','2023-07-06 19:38:21'),(312,'admin','127.0.0.1','内网IP','Chrome 11','Windows 10','0','登录成功','2023-07-06 19:46:57'),(313,'admin','127.0.0.1','内网IP','Chrome 11','Windows 10','0','登录成功','2023-07-06 19:50:01'),(314,'admin','127.0.0.1','内网IP','Chrome 11','Windows 10','0','登录成功','2023-07-06 19:53:45'),(315,'admin','127.0.0.1','内网IP','Chrome 11','Windows 10','0','登录成功','2023-07-06 19:59:25'),(316,'admin','127.0.0.1','内网IP','Chrome 11','Windows 10','0','登录成功','2023-07-06 20:02:31'),(317,'admin','127.0.0.1','内网IP','Chrome 11','Windows 10','0','登录成功','2023-07-06 20:05:45'),(318,'admin','127.0.0.1','内网IP','Chrome 11','Windows 10','0','登录成功','2023-07-06 20:10:02'),(319,'admin','127.0.0.1','内网IP','Chrome 11','Windows 10','0','登录成功','2023-07-06 20:15:22'),(320,'admin','127.0.0.1','内网IP','Chrome 11','Windows 10','0','登录成功','2023-07-06 21:28:36');
/*!40000 ALTER TABLE `sys_logininfor` ENABLE KEYS */;
UNLOCK TABLES;

--
-- Table structure for table `sys_menu`
--

DROP TABLE IF EXISTS `sys_menu`;
/*!40101 SET @saved_cs_client     = @@character_set_client */;
/*!50503 SET character_set_client = utf8mb4 */;
CREATE TABLE `sys_menu` (
                            `menu_id` bigint NOT NULL AUTO_INCREMENT COMMENT '菜单ID',
                            `menu_name` varchar(50) NOT NULL COMMENT '菜单名称',
                            `parent_id` bigint DEFAULT '0' COMMENT '父菜单ID',
                            `order_num` int DEFAULT '0' COMMENT '显示顺序',
                            `url` varchar(200) DEFAULT '#' COMMENT '请求地址',
                            `target` varchar(20) DEFAULT '' COMMENT '打开方式（menuItem页签 menuBlank新窗口）',
                            `menu_type` char(1) DEFAULT '' COMMENT '菜单类型（M目录 C菜单 F按钮）',
                            `visible` char(1) DEFAULT '0' COMMENT '菜单状态（0显示 1隐藏）',
                            `is_refresh` char(1) DEFAULT '1' COMMENT '是否刷新（0刷新 1不刷新）',
                            `perms` varchar(100) DEFAULT NULL COMMENT '权限标识',
                            `icon` varchar(100) DEFAULT '#' COMMENT '菜单图标',
                            `create_by` varchar(64) DEFAULT '' COMMENT '创建者',
                            `create_time` datetime DEFAULT NULL COMMENT '创建时间',
                            `update_by` varchar(64) DEFAULT '' COMMENT '更新者',
                            `update_time` datetime DEFAULT NULL COMMENT '更新时间',
                            `remark` varchar(500) DEFAULT '' COMMENT '备注',
                            PRIMARY KEY (`menu_id`)
) ENGINE=InnoDB AUTO_INCREMENT=2039 DEFAULT CHARSET=utf8mb4 COLLATE=utf8mb4_0900_ai_ci COMMENT='菜单权限表';
/*!40101 SET character_set_client = @saved_cs_client */;

--
-- Dumping data for table `sys_menu`
--

LOCK TABLES `sys_menu` WRITE;
/*!40000 ALTER TABLE `sys_menu` DISABLE KEYS */;
INSERT INTO `sys_menu` VALUES (1,'系统管理',0,1,'#','','M','0','1','','fa fa-gear','admin','2023-06-27 20:26:32','',NULL,'系统管理目录'),(2,'系统监控',0,5,'#','menuItem','M','0','1','','fa fa-video-camera','admin','2023-06-27 20:26:32','admin','2023-07-06 18:59:10','系统监控目录'),(3,'系统工具',0,3,'#','','M','0','1','','fa fa-bars','admin','2023-06-27 20:26:32','',NULL,'系统工具目录'),(100,'用户管理',1,1,'/system/user','','C','0','1','system:user:view','fa fa-user-o','admin','2023-06-27 20:26:32','',NULL,'用户管理菜单'),(101,'角色管理',1,2,'/system/role','','C','0','1','system:role:view','fa fa-user-secret','admin','2023-06-27 20:26:32','',NULL,'角色管理菜单'),(102,'菜单管理',1,3,'/system/menu','','C','0','1','system:menu:view','fa fa-th-list','admin','2023-06-27 20:26:32','',NULL,'菜单管理菜单'),(103,'部门管理',1,4,'/system/dept','','C','0','1','system:dept:view','fa fa-outdent','admin','2023-06-27 20:26:32','',NULL,'部门管理菜单'),(104,'岗位管理',1,5,'/system/post','','C','0','1','system:post:view','fa fa-address-card-o','admin','2023-06-27 20:26:32','',NULL,'岗位管理菜单'),(105,'字典管理',1,6,'/system/dict','','C','0','1','system:dict:view','fa fa-bookmark-o','admin','2023-06-27 20:26:32','',NULL,'字典管理菜单'),(106,'参数设置',1,7,'/system/config','','C','0','1','system:config:view','fa fa-sun-o','admin','2023-06-27 20:26:32','',NULL,'参数设置菜单'),(107,'通知公告',1,8,'/system/notice','','C','0','1','system:notice:view','fa fa-bullhorn','admin','2023-06-27 20:26:32','',NULL,'通知公告菜单'),(108,'日志管理',1,9,'#','','M','0','1','','fa fa-pencil-square-o','admin','2023-06-27 20:26:32','',NULL,'日志管理菜单'),(109,'在线用户',2,1,'/monitor/online','','C','0','1','monitor:online:view','fa fa-user-circle','admin','2023-06-27 20:26:32','',NULL,'在线用户菜单'),(110,'定时任务',2,2,'/monitor/job','','C','0','1','monitor:job:view','fa fa-tasks','admin','2023-06-27 20:26:32','',NULL,'定时任务菜单'),(111,'数据监控',2,3,'/monitor/data','','C','0','1','monitor:data:view','fa fa-bug','admin','2023-06-27 20:26:32','',NULL,'数据监控菜单'),(112,'服务监控',2,4,'/monitor/server','','C','0','1','monitor:server:view','fa fa-server','admin','2023-06-27 20:26:32','',NULL,'服务监控菜单'),(113,'缓存监控',2,5,'/monitor/cache','','C','0','1','monitor:cache:view','fa fa-cube','admin','2023-06-27 20:26:33','',NULL,'缓存监控菜单'),(114,'表单构建',3,1,'/tool/build','','C','0','1','tool:build:view','fa fa-wpforms','admin','2023-06-27 20:26:33','',NULL,'表单构建菜单'),(115,'代码生成',3,2,'/tool/gen','','C','0','1','tool:gen:view','fa fa-code','admin','2023-06-27 20:26:33','',NULL,'代码生成菜单'),(116,'系统接口',3,3,'/tool/swagger','','C','0','1','tool:swagger:view','fa fa-gg','admin','2023-06-27 20:26:33','',NULL,'系统接口菜单'),(500,'操作日志',108,1,'/monitor/operlog','','C','0','1','monitor:operlog:view','fa fa-address-book','admin','2023-06-27 20:26:33','',NULL,'操作日志菜单'),(501,'登录日志',108,2,'/monitor/logininfor','','C','0','1','monitor:logininfor:view','fa fa-file-image-o','admin','2023-06-27 20:26:33','',NULL,'登录日志菜单'),(1000,'用户查询',100,1,'#','','F','0','1','system:user:list','#','admin','2023-06-27 20:26:33','',NULL,''),(1001,'用户新增',100,2,'#','','F','0','1','system:user:add','#','admin','2023-06-27 20:26:33','',NULL,''),(1002,'用户修改',100,3,'#','','F','0','1','system:user:edit','#','admin','2023-06-27 20:26:33','',NULL,''),(1003,'用户删除',100,4,'#','','F','0','1','system:user:remove','#','admin','2023-06-27 20:26:33','',NULL,''),(1004,'用户导出',100,5,'#','','F','0','1','system:user:export','#','admin','2023-06-27 20:26:33','',NULL,''),(1005,'用户导入',100,6,'#','','F','0','1','system:user:import','#','admin','2023-06-27 20:26:33','',NULL,''),(1006,'重置密码',100,7,'#','','F','0','1','system:user:resetPwd','#','admin','2023-06-27 20:26:33','',NULL,''),(1007,'角色查询',101,1,'#','','F','0','1','system:role:list','#','admin','2023-06-27 20:26:33','',NULL,''),(1008,'角色新增',101,2,'#','','F','0','1','system:role:add','#','admin','2023-06-27 20:26:33','',NULL,''),(1009,'角色修改',101,3,'#','','F','0','1','system:role:edit','#','admin','2023-06-27 20:26:33','',NULL,''),(1010,'角色删除',101,4,'#','','F','0','1','system:role:remove','#','admin','2023-06-27 20:26:33','',NULL,''),(1011,'角色导出',101,5,'#','','F','0','1','system:role:export','#','admin','2023-06-27 20:26:33','',NULL,''),(1012,'菜单查询',102,1,'#','','F','0','1','system:menu:list','#','admin','2023-06-27 20:26:33','',NULL,''),(1013,'菜单新增',102,2,'#','','F','0','1','system:menu:add','#','admin','2023-06-27 20:26:33','',NULL,''),(1014,'菜单修改',102,3,'#','','F','0','1','system:menu:edit','#','admin','2023-06-27 20:26:33','',NULL,''),(1015,'菜单删除',102,4,'#','','F','0','1','system:menu:remove','#','admin','2023-06-27 20:26:33','',NULL,''),(1016,'部门查询',103,1,'#','','F','0','1','system:dept:list','#','admin','2023-06-27 20:26:33','',NULL,''),(1017,'部门新增',103,2,'#','','F','0','1','system:dept:add','#','admin','2023-06-27 20:26:33','',NULL,''),(1018,'部门修改',103,3,'#','','F','0','1','system:dept:edit','#','admin','2023-06-27 20:26:33','',NULL,''),(1019,'部门删除',103,4,'#','','F','0','1','system:dept:remove','#','admin','2023-06-27 20:26:33','',NULL,''),(1020,'岗位查询',104,1,'#','','F','0','1','system:post:list','#','admin','2023-06-27 20:26:33','',NULL,''),(1021,'岗位新增',104,2,'#','','F','0','1','system:post:add','#','admin','2023-06-27 20:26:33','',NULL,''),(1022,'岗位修改',104,3,'#','','F','0','1','system:post:edit','#','admin','2023-06-27 20:26:33','',NULL,''),(1023,'岗位删除',104,4,'#','','F','0','1','system:post:remove','#','admin','2023-06-27 20:26:33','',NULL,''),(1024,'岗位导出',104,5,'#','','F','0','1','system:post:export','#','admin','2023-06-27 20:26:33','',NULL,''),(1025,'字典查询',105,1,'#','','F','0','1','system:dict:list','#','admin','2023-06-27 20:26:33','',NULL,''),(1026,'字典新增',105,2,'#','','F','0','1','system:dict:add','#','admin','2023-06-27 20:26:33','',NULL,''),(1027,'字典修改',105,3,'#','','F','0','1','system:dict:edit','#','admin','2023-06-27 20:26:33','',NULL,''),(1028,'字典删除',105,4,'#','','F','0','1','system:dict:remove','#','admin','2023-06-27 20:26:33','',NULL,''),(1029,'字典导出',105,5,'#','','F','0','1','system:dict:export','#','admin','2023-06-27 20:26:33','',NULL,''),(1030,'参数查询',106,1,'#','','F','0','1','system:config:list','#','admin','2023-06-27 20:26:33','',NULL,''),(1031,'参数新增',106,2,'#','','F','0','1','system:config:add','#','admin','2023-06-27 20:26:33','',NULL,''),(1032,'参数修改',106,3,'#','','F','0','1','system:config:edit','#','admin','2023-06-27 20:26:33','',NULL,''),(1033,'参数删除',106,4,'#','','F','0','1','system:config:remove','#','admin','2023-06-27 20:26:33','',NULL,''),(1034,'参数导出',106,5,'#','','F','0','1','system:config:export','#','admin','2023-06-27 20:26:33','',NULL,''),(1035,'公告查询',107,1,'#','','F','0','1','system:notice:list','#','admin','2023-06-27 20:26:33','',NULL,''),(1036,'公告新增',107,2,'#','','F','0','1','system:notice:add','#','admin','2023-06-27 20:26:33','',NULL,''),(1037,'公告修改',107,3,'#','','F','0','1','system:notice:edit','#','admin','2023-06-27 20:26:33','',NULL,''),(1038,'公告删除',107,4,'#','','F','0','1','system:notice:remove','#','admin','2023-06-27 20:26:33','',NULL,''),(1039,'操作查询',500,1,'#','','F','0','1','monitor:operlog:list','#','admin','2023-06-27 20:26:33','',NULL,''),(1040,'操作删除',500,2,'#','','F','0','1','monitor:operlog:remove','#','admin','2023-06-27 20:26:33','',NULL,''),(1041,'详细信息',500,3,'#','','F','0','1','monitor:operlog:detail','#','admin','2023-06-27 20:26:33','',NULL,''),(1042,'日志导出',500,4,'#','','F','0','1','monitor:operlog:export','#','admin','2023-06-27 20:26:33','',NULL,''),(1043,'登录查询',501,1,'#','','F','0','1','monitor:logininfor:list','#','admin','2023-06-27 20:26:34','',NULL,''),(1044,'登录删除',501,2,'#','','F','0','1','monitor:logininfor:remove','#','admin','2023-06-27 20:26:34','',NULL,''),(1045,'日志导出',501,3,'#','','F','0','1','monitor:logininfor:export','#','admin','2023-06-27 20:26:34','',NULL,''),(1046,'账户解锁',501,4,'#','','F','0','1','monitor:logininfor:unlock','#','admin','2023-06-27 20:26:34','',NULL,''),(1047,'在线查询',109,1,'#','','F','0','1','monitor:online:list','#','admin','2023-06-27 20:26:34','',NULL,''),(1048,'批量强退',109,2,'#','','F','0','1','monitor:online:batchForceLogout','#','admin','2023-06-27 20:26:34','',NULL,''),(1049,'单条强退',109,3,'#','','F','0','1','monitor:online:forceLogout','#','admin','2023-06-27 20:26:34','',NULL,''),(1050,'任务查询',110,1,'#','','F','0','1','monitor:job:list','#','admin','2023-06-27 20:26:34','',NULL,''),(1051,'任务新增',110,2,'#','','F','0','1','monitor:job:add','#','admin','2023-06-27 20:26:34','',NULL,''),(1052,'任务修改',110,3,'#','','F','0','1','monitor:job:edit','#','admin','2023-06-27 20:26:34','',NULL,''),(1053,'任务删除',110,4,'#','','F','0','1','monitor:job:remove','#','admin','2023-06-27 20:26:34','',NULL,''),(1054,'状态修改',110,5,'#','','F','0','1','monitor:job:changeStatus','#','admin','2023-06-27 20:26:34','',NULL,''),(1055,'任务详细',110,6,'#','','F','0','1','monitor:job:detail','#','admin','2023-06-27 20:26:34','',NULL,''),(1056,'任务导出',110,7,'#','','F','0','1','monitor:job:export','#','admin','2023-06-27 20:26:34','',NULL,''),(1057,'生成查询',115,1,'#','','F','0','1','tool:gen:list','#','admin','2023-06-27 20:26:34','',NULL,''),(1058,'生成修改',115,2,'#','','F','0','1','tool:gen:edit','#','admin','2023-06-27 20:26:34','',NULL,''),(1059,'生成删除',115,3,'#','','F','0','1','tool:gen:remove','#','admin','2023-06-27 20:26:34','',NULL,''),(1060,'预览代码',115,4,'#','','F','0','1','tool:gen:preview','#','admin','2023-06-27 20:26:34','',NULL,''),(1061,'生成代码',115,5,'#','','F','0','1','tool:gen:code','#','admin','2023-06-27 20:26:34','',NULL,''),(2000,'校园卡',0,1,'#','menuItem','M','0','1','','fa fa-drivers-license-o','admin','2023-06-27 21:47:33','admin','2023-07-06 17:16:22',''),(2001,'卡信息',2000,1,'/system/card','menuItem','C','0','0','system:card:view','#','admin','2023-06-30 10:57:00','admin','2023-07-06 18:16:53',''),(2002,'校园卡添加',2001,1,'#','menuItem','F','0','1','system:card:add','#','admin','2023-06-30 15:00:23','admin','2023-07-05 15:41:27',''),(2003,'校园卡信息修改',2001,2,'#','menuItem','F','0','1','system:card:edit','#','admin','2023-06-30 15:16:26','',NULL,''),(2004,'校园卡删除',2001,4,'#','menuItem','F','0','1','system:card:remove','#','admin','2023-06-30 15:17:00','admin','2023-06-30 15:23:56',''),(2005,'校园卡查询',2001,3,'#','menuItem','F','0','1','system:card:list','#','admin','2023-06-30 15:23:34','admin','2023-06-30 15:24:13',''),(2025,'充值',2038,1,'/system/cz','menuItem','C','0','1','system:cz:view','#','admin','2023-07-05 16:59:02','admin','2023-07-06 17:18:27','充值菜单'),(2026,'充值查询',2025,1,'#','','F','0','1','system:cz:list','#','admin','2023-07-05 16:59:02','',NULL,''),(2027,'充值新增',2025,2,'#','','F','0','1','system:cz:add','#','admin','2023-07-05 16:59:02','',NULL,''),(2028,'充值修改',2025,3,'#','','F','0','1','system:cz:edit','#','admin','2023-07-05 16:59:02','',NULL,''),(2029,'充值删除',2025,4,'#','','F','0','1','system:cz:remove','#','admin','2023-07-05 16:59:02','',NULL,''),(2030,'充值导出',2025,5,'#','','F','0','1','system:cz:export','#','admin','2023-07-05 16:59:02','',NULL,''),(2031,'消费',2037,1,'/system/xf','menuItem','C','0','1','system:xf:view','#','admin','2023-07-06 15:02:52','admin','2023-07-06 17:18:39','消费菜单'),(2032,'消费查询',2031,1,'#','','F','0','1','system:xf:list','#','admin','2023-07-06 15:02:53','',NULL,''),(2033,'消费新增',2031,2,'#','','F','0','1','system:xf:add','#','admin','2023-07-06 15:02:53','',NULL,''),(2034,'消费修改',2031,3,'#','','F','0','1','system:xf:edit','#','admin','2023-07-06 15:02:53','',NULL,''),(2035,'消费删除',2031,4,'#','','F','0','1','system:xf:remove','#','admin','2023-07-06 15:02:53','',NULL,''),(2036,'消费导出',2031,5,'#','','F','0','1','system:xf:export','#','admin','2023-07-06 15:02:53','',NULL,''),(2037,'消费系统',0,3,'#','menuItem','M','0','1','','fa fa-credit-card','admin','2023-07-06 17:17:05','admin','2023-07-06 18:59:00',''),(2038,'充值系统',0,4,'#','menuItem','M','0','1','','fa fa-money','admin','2023-07-06 17:17:37','admin','2023-07-06 18:59:05','');
/*!40000 ALTER TABLE `sys_menu` ENABLE KEYS */;
UNLOCK TABLES;

--
-- Table structure for table `sys_notice`
--

DROP TABLE IF EXISTS `sys_notice`;
/*!40101 SET @saved_cs_client     = @@character_set_client */;
/*!50503 SET character_set_client = utf8mb4 */;
CREATE TABLE `sys_notice` (
                              `notice_id` int NOT NULL AUTO_INCREMENT COMMENT '公告ID',
                              `notice_title` varchar(50) NOT NULL COMMENT '公告标题',
                              `notice_type` char(1) NOT NULL COMMENT '公告类型（1通知 2公告）',
                              `notice_content` varchar(2000) DEFAULT NULL COMMENT '公告内容',
                              `status` char(1) DEFAULT '0' COMMENT '公告状态（0正常 1关闭）',
                              `create_by` varchar(64) DEFAULT '' COMMENT '创建者',
                              `create_time` datetime DEFAULT NULL COMMENT '创建时间',
                              `update_by` varchar(64) DEFAULT '' COMMENT '更新者',
                              `update_time` datetime DEFAULT NULL COMMENT '更新时间',
                              `remark` varchar(255) DEFAULT NULL COMMENT '备注',
                              PRIMARY KEY (`notice_id`)
) ENGINE=InnoDB AUTO_INCREMENT=11 DEFAULT CHARSET=utf8mb4 COLLATE=utf8mb4_0900_ai_ci COMMENT='通知公告表';
/*!40101 SET character_set_client = @saved_cs_client */;

--
-- Dumping data for table `sys_notice`
--

LOCK TABLES `sys_notice` WRITE;
/*!40000 ALTER TABLE `sys_notice` DISABLE KEYS */;
/*!40000 ALTER TABLE `sys_notice` ENABLE KEYS */;
UNLOCK TABLES;

--
-- Table structure for table `sys_oper_log`
--

DROP TABLE IF EXISTS `sys_oper_log`;
/*!40101 SET @saved_cs_client     = @@character_set_client */;
/*!50503 SET character_set_client = utf8mb4 */;
CREATE TABLE `sys_oper_log` (
                                `oper_id` bigint NOT NULL AUTO_INCREMENT COMMENT '日志主键',
                                `title` varchar(50) DEFAULT '' COMMENT '模块标题',
                                `business_type` int DEFAULT '0' COMMENT '业务类型（0其它 1新增 2修改 3删除）',
                                `method` varchar(100) DEFAULT '' COMMENT '方法名称',
                                `request_method` varchar(10) DEFAULT '' COMMENT '请求方式',
                                `operator_type` int DEFAULT '0' COMMENT '操作类别（0其它 1后台用户 2手机端用户）',
                                `oper_name` varchar(50) DEFAULT '' COMMENT '操作人员',
                                `dept_name` varchar(50) DEFAULT '' COMMENT '部门名称',
                                `oper_url` varchar(255) DEFAULT '' COMMENT '请求URL',
                                `oper_ip` varchar(128) DEFAULT '' COMMENT '主机地址',
                                `oper_location` varchar(255) DEFAULT '' COMMENT '操作地点',
                                `oper_param` varchar(2000) DEFAULT '' COMMENT '请求参数',
                                `json_result` varchar(2000) DEFAULT '' COMMENT '返回参数',
                                `status` int DEFAULT '0' COMMENT '操作状态（0正常 1异常）',
                                `error_msg` varchar(2000) DEFAULT '' COMMENT '错误消息',
                                `oper_time` datetime DEFAULT NULL COMMENT '操作时间',
                                `cost_time` bigint DEFAULT '0' COMMENT '消耗时间',
                                PRIMARY KEY (`oper_id`),
                                KEY `idx_sys_oper_log_bt` (`business_type`),
                                KEY `idx_sys_oper_log_s` (`status`),
                                KEY `idx_sys_oper_log_ot` (`oper_time`)
) ENGINE=InnoDB AUTO_INCREMENT=455 DEFAULT CHARSET=utf8mb4 COLLATE=utf8mb4_0900_ai_ci COMMENT='操作日志记录';
/*!40101 SET character_set_client = @saved_cs_client */;

--
-- Dumping data for table `sys_oper_log`
--

LOCK TABLES `sys_oper_log` WRITE;
/*!40000 ALTER TABLE `sys_oper_log` DISABLE KEYS */;
INSERT INTO `sys_oper_log` VALUES (100,'菜单管理',1,'com.ruoyi.web.controller.system.SysMenuController.addSave()','POST',1,'admin','研发部门','/system/menu/add','127.0.0.1','内网IP','{\"parentId\":[\"0\"],\"menuType\":[\"M\"],\"menuName\":[\"使用校园卡\"],\"url\":[\"\"],\"target\":[\"menuItem\"],\"perms\":[\"\"],\"orderNum\":[\"1\"],\"icon\":[\"fa fa-drivers-license-o\"],\"visible\":[\"0\"],\"isRefresh\":[\"1\"]}','{\"msg\":\"操作成功\",\"code\":0}',0,NULL,'2023-06-27 21:47:33',58),(101,'创建表',0,'com.ruoyi.generator.controller.GenController.create()','POST',1,'admin','研发部门','/tool/gen/createTable','127.0.0.1','内网IP','{\"sql\":[\"create table student\\n(\\n    sid   int not null\\n        primary key,\\n    socre int not null comment \'学分\'\\n)\\n    comment \'学生表\';\\n\\n\"]}','{\"msg\":\"操作成功\",\"code\":0}',0,NULL,'2023-06-27 22:01:06',86),(102,'代码生成',8,'com.ruoyi.generator.controller.GenController.download()','GET',1,'admin','研发部门','/tool/gen/download/student','127.0.0.1','内网IP','\"student\"',NULL,0,NULL,'2023-06-27 22:01:22',28),(103,'代码生成',8,'com.ruoyi.generator.controller.GenController.download()','GET',1,'admin','研发部门','/tool/gen/download/student','127.0.0.1','内网IP','\"student\"',NULL,0,NULL,'2023-06-27 22:01:23',32),(104,'代码生成',8,'com.ruoyi.generator.controller.GenController.download()','GET',1,'admin','研发部门','/tool/gen/download/student','127.0.0.1','内网IP','\"student\"',NULL,0,NULL,'2023-06-27 22:01:49',22),(105,'代码生成',8,'com.ruoyi.generator.controller.GenController.download()','GET',1,'admin','研发部门','/tool/gen/download/student','127.0.0.1','内网IP','\"student\"',NULL,0,NULL,'2023-06-27 22:01:49',22),(106,'代码生成',6,'com.ruoyi.generator.controller.GenController.importTableSave()','POST',1,'admin','研发部门','/tool/gen/importTable','127.0.0.1','内网IP','{\"tables\":[\"sys_user\"]}','{\"msg\":\"操作成功\",\"code\":0}',0,NULL,'2023-06-29 21:09:16',146),(107,'代码生成',6,'com.ruoyi.generator.controller.GenController.importTableSave()','POST',1,'ry','测试部门','/tool/gen/importTable','127.0.0.1','内网IP','{\"tables\":[\"sys_menu\"]}','{\"msg\":\"操作成功\",\"code\":0}',0,NULL,'2023-06-29 21:10:22',44),(108,'角色管理',2,'com.ruoyi.web.controller.system.SysRoleController.editSave()','POST',1,'ry','测试部门','/system/role/edit','127.0.0.1','内网IP','{\"roleId\":[\"2\"],\"roleName\":[\"普通角色\"],\"roleKey\":[\"common\"],\"roleSort\":[\"2\"],\"status\":[\"0\"],\"remark\":[\"普通角色\"],\"menuIds\":[\"1,100,1000,1001,1002,1003,1004,1005,1006,101,1007,1008,1009,1010,1011,102,1012,1013,1014,1015,103,1016,1017,1018,1019,104,1020,1021,1022,1023,1024,105,1025,1026,1027,1028,1029,106,1030,1031,1032,1033,1034,107,1035,1036,1037,1038,108,500,1039,1040,1041,1042,501,1043,1044,1045,1046,2,109,1047,1048,1049,110,1050,1051,1052,1053,1054,1055,1056,111,112,113,3,114,115,1057,1058,1059,1060,1061,116\"]}','{\"msg\":\"操作成功\",\"code\":0}',0,NULL,'2023-06-29 21:11:17',23),(109,'角色管理',2,'com.ruoyi.web.controller.system.SysRoleController.editSave()','POST',1,'ry','测试部门','/system/role/edit','127.0.0.1','内网IP','{\"roleId\":[\"2\"],\"roleName\":[\"普通角色\"],\"roleKey\":[\"common\"],\"roleSort\":[\"2\"],\"status\":[\"0\"],\"remark\":[\"普通角色\"],\"menuIds\":[\"1,100,1000,1001,1002,1003,1004,1005,1006,103,1016,1017,1018,1019,104,1020,1021,1022,1023,1024,107,1035,1036,1037,1038,2,109,1047,1048,1049,110,1050,1051,1052,1053,1054,1055,1056,111,112,113,3,114,115,1057,1058,1059,1060,1061,116\"]}','{\"msg\":\"操作成功\",\"code\":0}',0,NULL,'2023-06-29 21:12:09',15),(110,'代码生成',6,'com.ruoyi.generator.controller.GenController.importTableSave()','POST',1,'admin','研发部门','/tool/gen/importTable','127.0.0.1','内网IP','{\"tables\":[\"sys_user_role,sys_user_post,sys_role_menu\"]}','{\"msg\":\"操作成功\",\"code\":0}',0,NULL,'2023-06-29 21:17:13',42),(111,'代码生成',6,'com.ruoyi.generator.controller.GenController.importTableSave()','POST',1,'admin','研发部门','/tool/gen/importTable','127.0.0.1','内网IP','{\"tables\":[\"sys_dept,sys_role,sys_post,sys_role_dept\"]}','{\"msg\":\"操作成功\",\"code\":0}',0,NULL,'2023-06-29 21:19:12',73),(112,'代码生成',3,'com.ruoyi.generator.controller.GenController.remove()','POST',1,'admin','研发部门','/tool/gen/remove','127.0.0.1','内网IP','{\"ids\":[\"1\"]}','{\"msg\":\"操作成功\",\"code\":0}',0,NULL,'2023-06-30 10:27:54',192),(113,'创建表',0,'com.ruoyi.generator.controller.GenController.create()','POST',1,'admin','研发部门','/tool/gen/createTable','127.0.0.1','内网IP','{\"sql\":[\"drop table if exists card;\\ncreate table card (\\n                          card_id           bigint(20)      not null auto_increment    comment \'卡号\',\\n                          balance           varchar(30)     not null                   comment \'余额\',\\n                          primary key (card_id)\\n) engine=innodb auto_increment=100 comment = \'校园卡信息表\';\"]}','{\"msg\":\"创建表结构异常\",\"code\":500}',0,NULL,'2023-06-30 10:36:49',130),(114,'创建表',0,'com.ruoyi.generator.controller.GenController.create()','POST',1,'admin','研发部门','/tool/gen/createTable','127.0.0.1','内网IP','{\"sql\":[\"create table card (\\n                          card_id           bigint(20)      not null auto_increment    comment \'卡号\',\\n                          balance           varchar(30)     not null                   comment \'余额\',\\n                          primary key (card_id)\\n) engine=innodb auto_increment=100 comment = \'校园卡信息表\';\"]}','{\"msg\":\"操作成功\",\"code\":0}',0,NULL,'2023-06-30 10:36:56',373),(115,'代码生成',2,'com.ruoyi.generator.controller.GenController.editSave()','POST',1,'admin','研发部门','/tool/gen/edit','127.0.0.1','内网IP','{\"tableId\":[\"11\"],\"tableName\":[\"card\"],\"tableComment\":[\"校园卡信息表\"],\"className\":[\"Card\"],\"functionAuthor\":[\"ruoyi\"],\"remark\":[\"\"],\"columns[0].columnId\":[\"84\"],\"columns[0].sort\":[\"1\"],\"columns[0].columnComment\":[\"卡号\"],\"columns[0].javaType\":[\"Long\"],\"columns[0].javaField\":[\"cardId\"],\"columns[0].isInsert\":[\"1\"],\"columns[0].queryType\":[\"EQ\"],\"columns[0].isRequired\":[\"1\"],\"columns[0].htmlType\":[\"input\"],\"columns[0].dictType\":[\"\"],\"columns[1].columnId\":[\"85\"],\"columns[1].sort\":[\"2\"],\"columns[1].columnComment\":[\"余额\"],\"columns[1].javaType\":[\"String\"],\"columns[1].javaField\":[\"balance\"],\"columns[1].isInsert\":[\"1\"],\"columns[1].isEdit\":[\"1\"],\"columns[1].isList\":[\"1\"],\"columns[1].isQuery\":[\"1\"],\"columns[1].queryType\":[\"EQ\"],\"columns[1].isRequired\":[\"1\"],\"columns[1].htmlType\":[\"input\"],\"columns[1].dictType\":[\"\"],\"tplCategory\":[\"crud\"],\"packageName\":[\"com.ruoyi.system\"],\"moduleName\":[\"system\"],\"businessName\":[\"card\"],\"functionName\":[\"校园卡信息\"],\"params[parentMenuId]\":[\"\"],\"params[parentMenuName]\":[\"\"],\"genType\":[\"0\"],\"genPath\":[\"/\"],\"subTableName\":[\"\"],\"params[treeCode]\":[\"\"],\"params[treeParentCode]\":[\"\"],\"params[treeName]\":[\"\"]}','{\"msg\":\"操作成功\",\"code\":0}',0,NULL,'2023-06-30 10:37:31',35),(116,'代码生成',8,'com.ruoyi.generator.controller.GenController.download()','GET',1,'admin','研发部门','/tool/gen/download/card','127.0.0.1','内网IP','\"card\"',NULL,0,NULL,'2023-06-30 10:37:38',108),(117,'代码生成',8,'com.ruoyi.generator.controller.GenController.download()','GET',1,'admin','研发部门','/tool/gen/download/card','127.0.0.1','内网IP','\"card\"',NULL,0,NULL,'2023-06-30 10:37:39',101),(118,'菜单管理',1,'com.ruoyi.web.controller.system.SysMenuController.addSave()','POST',1,'admin','研发部门','/system/menu/add','127.0.0.1','内网IP','{\"parentId\":[\"2000\"],\"menuType\":[\"C\"],\"menuName\":[\"卡信息\"],\"url\":[\"/system/card\"],\"target\":[\"menuItem\"],\"perms\":[\"\"],\"orderNum\":[\"1\"],\"icon\":[\"\"],\"visible\":[\"0\"],\"isRefresh\":[\"1\"]}','{\"msg\":\"操作成功\",\"code\":0}',0,NULL,'2023-06-30 10:57:00',176),(119,'校园卡信息',1,'com.ruoyi.web.controller.system.CardController.addSave()','POST',1,'admin','研发部门','/system/card/add','127.0.0.1','内网IP','{\"balance\":[\"1234\"]}','{\"msg\":\"操作成功\",\"code\":0}',0,NULL,'2023-06-30 14:57:58',141),(120,'用户管理',1,'com.ruoyi.web.controller.system.SysUserController.addSave()','POST',1,'admin','研发部门','/system/user/add','127.0.0.1','内网IP','{\"deptId\":[\"\"],\"userName\":[\"user\"],\"deptName\":[\"\"],\"phonenumber\":[\"\"],\"email\":[\"\"],\"loginName\":[\"user\"],\"sex\":[\"0\"],\"role\":[\"2\"],\"remark\":[\"\"],\"status\":[\"0\"],\"roleIds\":[\"2\"],\"postIds\":[\"\"]}','{\"msg\":\"操作成功\",\"code\":0}',0,NULL,'2023-06-30 14:58:37',61),(121,'角色管理',2,'com.ruoyi.web.controller.system.SysRoleController.editSave()','POST',1,'admin','研发部门','/system/role/edit','127.0.0.1','内网IP','{\"roleId\":[\"2\"],\"roleName\":[\"普通角色\"],\"roleKey\":[\"common\"],\"roleSort\":[\"2\"],\"status\":[\"0\"],\"remark\":[\"普通角色\"],\"menuIds\":[\"1,100,1000,1001,1002,1003,1004,1005,1006,103,1016,1017,1018,1019,104,1020,1021,1022,1023,1024,107,1035,1036,1037,1038,2000,2001,2,109,1047,1048,1049,110,1050,1051,1052,1053,1054,1055,1056,111,112,113,3,114,115,1057,1058,1059,1060,1061,116\"]}','{\"msg\":\"操作成功\",\"code\":0}',0,NULL,'2023-06-30 14:59:03',122),(122,'菜单管理',1,'com.ruoyi.web.controller.system.SysMenuController.addSave()','POST',1,'admin','研发部门','/system/menu/add','127.0.0.1','内网IP','{\"parentId\":[\"2001\"],\"menuType\":[\"F\"],\"menuName\":[\"校园卡查询\"],\"url\":[\"\"],\"target\":[\"menuItem\"],\"perms\":[\"\"],\"orderNum\":[\"1\"],\"icon\":[\"\"],\"visible\":[\"0\"],\"isRefresh\":[\"1\"]}','{\"msg\":\"操作成功\",\"code\":0}',0,NULL,'2023-06-30 15:00:23',23),(123,'校园卡信息',3,'com.ruoyi.web.controller.system.CardController.remove()','POST',1,'admin','研发部门','/system/card/remove','127.0.0.1','内网IP','{\"ids\":[\"100\"]}','{\"msg\":\"操作成功\",\"code\":0}',0,NULL,'2023-06-30 15:01:15',14),(124,'代码生成',3,'com.ruoyi.generator.controller.GenController.remove()','POST',1,'admin','研发部门','/tool/gen/remove','127.0.0.1','内网IP','{\"ids\":[\"11\"]}','{\"msg\":\"操作成功\",\"code\":0}',0,NULL,'2023-06-30 15:01:38',23),(125,'创建表',0,'com.ruoyi.generator.controller.GenController.create()','POST',1,'admin','研发部门','/tool/gen/createTable','127.0.0.1','内网IP','{\"sql\":[\"drop table if exists card;\\ncreate table card (\\n                          card_id           bigint(20)      not null    comment \'卡号\',\\n                          balance           varchar(30)     not null                   comment \'余额\',\\n                          primary key (card_id)\\n) engine=innodb auto_increment=100 comment = \'校园卡信息表\';\"]}','{\"msg\":\"创建表结构异常\",\"code\":500}',0,NULL,'2023-06-30 15:04:27',7),(126,'创建表',0,'com.ruoyi.generator.controller.GenController.create()','POST',1,'admin','研发部门','/tool/gen/createTable','127.0.0.1','内网IP','{\"sql\":[\"create table card (\\n                          card_id           bigint(20)      not null    comment \'卡号\',\\n                          balance           varchar(30)     not null                   comment \'余额\',\\n                          primary key (card_id)\\n) engine=innodb auto_increment=100 comment = \'校园卡信息表\';\"]}','{\"msg\":\"创建表结构异常\",\"code\":500}',0,NULL,'2023-06-30 15:04:33',162),(127,'创建表',0,'com.ruoyi.generator.controller.GenController.create()','POST',1,'admin','研发部门','/tool/gen/createTable','127.0.0.1','内网IP','{\"sql\":[\"drop table if exists card;\\ncreate table card (\\n                          card_id           bigint(20)      not null    comment \'卡号\',\\n                          balance           varchar(30)     not null                   comment \'余额\',\\n                          primary key (card_id)\\n) engine=innodb auto_increment=100 comment = \'校园卡信息表\';\"]}','{\"msg\":\"创建表结构异常\",\"code\":500}',0,NULL,'2023-06-30 15:06:26',140),(128,'创建表',0,'com.ruoyi.generator.controller.GenController.create()','POST',1,'admin','研发部门','/tool/gen/createTable','127.0.0.1','内网IP','{\"sql\":[\"\\ncreate table card (\\n                          card_id           bigint(20)      not null    comment \'卡号\',\\n                          balance           varchar(30)     not null                   comment \'余额\',\\n                          primary key (card_id)\\n) engine=innodb auto_increment=100 comment = \'校园卡信息表\';\"]}','{\"msg\":\"操作成功\",\"code\":0}',0,NULL,'2023-06-30 15:06:30',275),(129,'代码生成',3,'com.ruoyi.generator.controller.GenController.remove()','POST',1,'admin','研发部门','/tool/gen/remove','127.0.0.1','内网IP','{\"ids\":[\"12\"]}','{\"msg\":\"操作成功\",\"code\":0}',0,NULL,'2023-06-30 15:06:44',26),(130,'创建表',0,'com.ruoyi.generator.controller.GenController.create()','POST',1,'admin','研发部门','/tool/gen/createTable','127.0.0.1','内网IP','{\"sql\":[\"create table card ( \\n                        card_num bigint(20)  not null auto_increment comment \'卡序号\',\\n                        card_id           varchar(20)      not null    comment \'卡号\',\\n                          balance           varchar(30)     not null   default 0 comment \'余额\',\\n                          primary key (card_num)\\n) engine=innodb auto_increment=100 comment = \'校园卡信息表\';\"]}','{\"msg\":\"操作成功\",\"code\":0}',0,NULL,'2023-06-30 15:08:12',97),(131,'代码生成',2,'com.ruoyi.generator.controller.GenController.editSave()','POST',1,'admin','研发部门','/tool/gen/edit','127.0.0.1','内网IP','{\"tableId\":[\"13\"],\"tableName\":[\"card\"],\"tableComment\":[\"校园卡信息表\"],\"className\":[\"Card\"],\"functionAuthor\":[\"ruoyi\"],\"remark\":[\"\"],\"columns[0].columnId\":[\"88\"],\"columns[0].sort\":[\"1\"],\"columns[0].columnComment\":[\"卡序号\"],\"columns[0].javaType\":[\"Long\"],\"columns[0].javaField\":[\"cardNum\"],\"columns[0].isInsert\":[\"1\"],\"columns[0].queryType\":[\"EQ\"],\"columns[0].htmlType\":[\"input\"],\"columns[0].dictType\":[\"\"],\"columns[1].columnId\":[\"89\"],\"columns[1].sort\":[\"2\"],\"columns[1].columnComment\":[\"卡号\"],\"columns[1].javaType\":[\"String\"],\"columns[1].javaField\":[\"cardId\"],\"columns[1].isInsert\":[\"1\"],\"columns[1].isEdit\":[\"1\"],\"columns[1].isList\":[\"1\"],\"columns[1].isQuery\":[\"1\"],\"columns[1].queryType\":[\"EQ\"],\"columns[1].isRequired\":[\"1\"],\"columns[1].htmlType\":[\"input\"],\"columns[1].dictType\":[\"\"],\"columns[2].columnId\":[\"90\"],\"columns[2].sort\":[\"3\"],\"columns[2].columnComment\":[\"余额\"],\"columns[2].javaType\":[\"String\"],\"columns[2].javaField\":[\"balance\"],\"columns[2].isEdit\":[\"1\"],\"columns[2].isList\":[\"1\"],\"columns[2].isQuery\":[\"1\"],\"columns[2].queryType\":[\"EQ\"],\"columns[2].isRequired\":[\"1\"],\"columns[2].htmlType\":[\"input\"],\"columns[2].dictType\":[\"\"],\"tplCategory\":[\"crud\"],\"packageName\":[\"com.ruoyi.system\"],\"moduleName\":[\"system\"],\"businessName\":[\"card\"],\"functionName\":[\"校园卡信息\"],\"params[parentMenuId]\":[\"\"],\"params[parentMenuName]\":[\"\"],\"genType\":[\"0\"],\"genPath\":[\"/\"],\"subTableName\":[\"\"],\"params[treeCode]\":[\"\"],\"params[treeParentCode]\":[\"\"],\"params[treeName]\":[\"\"]}','{\"msg\":\"操作成功\",\"code\":0}',0,NULL,'2023-06-30 15:08:27',45),(132,'代码生成',2,'com.ruoyi.generator.controller.GenController.synchDb()','GET',1,'admin','研发部门','/tool/gen/synchDb/card','127.0.0.1','内网IP','\"card\"','{\"msg\":\"操作成功\",\"code\":0}',0,NULL,'2023-06-30 15:08:31',56),(133,'代码生成',8,'com.ruoyi.generator.controller.GenController.download()','GET',1,'admin','研发部门','/tool/gen/download/card','127.0.0.1','内网IP','\"card\"',NULL,0,NULL,'2023-06-30 15:08:34',133),(134,'代码生成',8,'com.ruoyi.generator.controller.GenController.download()','GET',1,'admin','研发部门','/tool/gen/download/card','127.0.0.1','内网IP','\"card\"',NULL,0,NULL,'2023-06-30 15:08:36',60),(135,'代码生成',8,'com.ruoyi.generator.controller.GenController.download()','GET',1,'admin','研发部门','/tool/gen/download/card','127.0.0.1','内网IP','\"card\"',NULL,0,NULL,'2023-06-30 15:10:12',60),(136,'代码生成',8,'com.ruoyi.generator.controller.GenController.download()','GET',1,'admin','研发部门','/tool/gen/download/card','127.0.0.1','内网IP','\"card\"',NULL,0,NULL,'2023-06-30 15:10:19',47),(137,'校园卡信息',1,'com.ruoyi.system.controller.CardController.addSave()','POST',1,'admin','研发部门','/system/card/add','127.0.0.1','内网IP','{\"cardId\":[\"123\"],\"balance\":[\"123\"]}','{\"msg\":\"操作成功\",\"code\":0}',0,NULL,'2023-06-30 15:13:48',144),(138,'校园卡信息',3,'com.ruoyi.system.controller.CardController.remove()','POST',1,'admin','研发部门','/system/card/remove','127.0.0.1','内网IP','{\"ids\":[\"100\"]}','{\"msg\":\"操作成功\",\"code\":0}',0,NULL,'2023-06-30 15:13:54',27),(139,'菜单管理',2,'com.ruoyi.web.controller.system.SysMenuController.editSave()','POST',1,'admin','研发部门','/system/menu/edit','127.0.0.1','内网IP','{\"menuId\":[\"2002\"],\"parentId\":[\"2001\"],\"menuType\":[\"F\"],\"menuName\":[\"校园卡添加\"],\"url\":[\"#\"],\"target\":[\"menuItem\"],\"perms\":[\"ystem:card:add\"],\"orderNum\":[\"1\"],\"icon\":[\"#\"],\"visible\":[\"0\"],\"isRefresh\":[\"1\"]}','{\"msg\":\"操作成功\",\"code\":0}',0,NULL,'2023-06-30 15:15:38',79),(140,'菜单管理',1,'com.ruoyi.web.controller.system.SysMenuController.addSave()','POST',1,'admin','研发部门','/system/menu/add','127.0.0.1','内网IP','{\"parentId\":[\"2001\"],\"menuType\":[\"F\"],\"menuName\":[\"校园卡信息修改\"],\"url\":[\"\"],\"target\":[\"menuItem\"],\"perms\":[\"system:card:edit\"],\"orderNum\":[\"2\"],\"icon\":[\"\"],\"visible\":[\"0\"],\"isRefresh\":[\"1\"]}','{\"msg\":\"操作成功\",\"code\":0}',0,NULL,'2023-06-30 15:16:26',53),(141,'菜单管理',2,'com.ruoyi.web.controller.system.SysMenuController.editSave()','POST',1,'admin','研发部门','/system/menu/edit','127.0.0.1','内网IP','{\"menuId\":[\"2002\"],\"parentId\":[\"2001\"],\"menuType\":[\"F\"],\"menuName\":[\"校园卡添加\"],\"url\":[\"#\"],\"target\":[\"menuItem\"],\"perms\":[\"system:card:add\"],\"orderNum\":[\"1\"],\"icon\":[\"#\"],\"visible\":[\"0\"],\"isRefresh\":[\"1\"]}','{\"msg\":\"操作成功\",\"code\":0}',0,NULL,'2023-06-30 15:16:42',20),(142,'菜单管理',1,'com.ruoyi.web.controller.system.SysMenuController.addSave()','POST',1,'admin','研发部门','/system/menu/add','127.0.0.1','内网IP','{\"parentId\":[\"2001\"],\"menuType\":[\"F\"],\"menuName\":[\"校园卡删除\"],\"url\":[\"\"],\"target\":[\"menuItem\"],\"perms\":[\"system:card:remove\"],\"orderNum\":[\"3\"],\"icon\":[\"\"],\"visible\":[\"0\"],\"isRefresh\":[\"1\"]}','{\"msg\":\"操作成功\",\"code\":0}',0,NULL,'2023-06-30 15:17:00',18),(143,'校园卡信息',1,'com.ruoyi.system.controller.CardController.addSave()','POST',1,'admin','研发部门','/system/card/add','127.0.0.1','内网IP','{\"cardId\":[\"123\"],\"balance\":[\"123\"]}','{\"msg\":\"操作成功\",\"code\":0}',0,NULL,'2023-06-30 15:17:19',17),(144,'角色管理',2,'com.ruoyi.web.controller.system.SysRoleController.editSave()','POST',1,'admin','研发部门','/system/role/edit','127.0.0.1','内网IP','{\"roleId\":[\"2\"],\"roleName\":[\"普通角色\"],\"roleKey\":[\"common\"],\"roleSort\":[\"2\"],\"status\":[\"0\"],\"remark\":[\"普通角色\"],\"menuIds\":[\"1,100,1000,1001,1002,1003,1004,1005,1006,103,1016,1017,1018,1019,104,1020,1021,1022,1023,1024,107,1035,1036,1037,1038,2000,2001,2002,2,109,1047,1048,1049,110,1050,1051,1052,1053,1054,1055,1056,111,112,113,3,114,115,1057,1058,1059,1060,1061,116\"]}','{\"msg\":\"操作成功\",\"code\":0}',0,NULL,'2023-06-30 15:17:59',77),(145,'角色管理',2,'com.ruoyi.web.controller.system.SysRoleController.editSave()','POST',1,'admin','研发部门','/system/role/edit','127.0.0.1','内网IP','{\"roleId\":[\"2\"],\"roleName\":[\"普通角色\"],\"roleKey\":[\"common\"],\"roleSort\":[\"2\"],\"status\":[\"0\"],\"remark\":[\"普通角色\"],\"menuIds\":[\"1,100,1000,1001,1002,1003,1004,1005,1006,103,1016,1017,1018,1019,104,1020,1021,1022,1023,1024,107,1035,1036,1037,1038,2000,2001,2002,2003,2004,2,109,1047,1048,1049,110,1050,1051,1052,1053,1054,1055,1056,111,112,113,3,114,115,1057,1058,1059,1060,1061,116\"]}','{\"msg\":\"操作成功\",\"code\":0}',0,NULL,'2023-06-30 15:19:48',62),(146,'菜单管理',1,'com.ruoyi.web.controller.system.SysMenuController.addSave()','POST',1,'admin','研发部门','/system/menu/add','127.0.0.1','内网IP','{\"parentId\":[\"2001\"],\"menuType\":[\"F\"],\"menuName\":[\"校园卡查询\"],\"url\":[\"\"],\"target\":[\"menuItem\"],\"perms\":[\"system:card:list\"],\"orderNum\":[\"1\"],\"icon\":[\"\"],\"visible\":[\"0\"],\"isRefresh\":[\"1\"]}','{\"msg\":\"操作成功\",\"code\":0}',0,NULL,'2023-06-30 15:23:34',17),(147,'菜单管理',2,'com.ruoyi.web.controller.system.SysMenuController.editSave()','POST',1,'admin','研发部门','/system/menu/edit','127.0.0.1','内网IP','{\"menuId\":[\"2005\"],\"parentId\":[\"2001\"],\"menuType\":[\"F\"],\"menuName\":[\"校园卡查询\"],\"url\":[\"#\"],\"target\":[\"menuItem\"],\"perms\":[\"system:card:list\"],\"orderNum\":[\"2\"],\"icon\":[\"#\"],\"visible\":[\"0\"],\"isRefresh\":[\"1\"]}','{\"msg\":\"操作成功\",\"code\":0}',0,NULL,'2023-06-30 15:23:43',20),(148,'菜单管理',2,'com.ruoyi.web.controller.system.SysMenuController.editSave()','POST',1,'admin','研发部门','/system/menu/edit','127.0.0.1','内网IP','{\"menuId\":[\"2004\"],\"parentId\":[\"2001\"],\"menuType\":[\"F\"],\"menuName\":[\"校园卡删除\"],\"url\":[\"#\"],\"target\":[\"menuItem\"],\"perms\":[\"system:card:remove\"],\"orderNum\":[\"4\"],\"icon\":[\"#\"],\"visible\":[\"0\"],\"isRefresh\":[\"1\"]}','{\"msg\":\"操作成功\",\"code\":0}',0,NULL,'2023-06-30 15:23:56',19),(149,'菜单管理',2,'com.ruoyi.web.controller.system.SysMenuController.editSave()','POST',1,'admin','研发部门','/system/menu/edit','127.0.0.1','内网IP','{\"menuId\":[\"2005\"],\"parentId\":[\"2001\"],\"menuType\":[\"F\"],\"menuName\":[\"校园卡查询\"],\"url\":[\"#\"],\"target\":[\"menuItem\"],\"perms\":[\"system:card:list\"],\"orderNum\":[\"3\"],\"icon\":[\"#\"],\"visible\":[\"0\"],\"isRefresh\":[\"1\"]}','{\"msg\":\"操作成功\",\"code\":0}',0,NULL,'2023-06-30 15:24:13',16),(150,'菜单管理',2,'com.ruoyi.web.controller.system.SysMenuController.editSave()','POST',1,'admin','研发部门','/system/menu/edit','127.0.0.1','内网IP','{\"menuId\":[\"2001\"],\"parentId\":[\"2000\"],\"menuType\":[\"C\"],\"menuName\":[\"卡信息\"],\"url\":[\"/system/card\"],\"target\":[\"menuItem\"],\"perms\":[\"system:card:view\"],\"orderNum\":[\"1\"],\"icon\":[\"#\"],\"visible\":[\"0\"],\"isRefresh\":[\"1\"]}','{\"msg\":\"操作成功\",\"code\":0}',0,NULL,'2023-06-30 15:24:34',20),(151,'角色管理',2,'com.ruoyi.web.controller.system.SysRoleController.editSave()','POST',1,'admin','研发部门','/system/role/edit','127.0.0.1','内网IP','{\"roleId\":[\"2\"],\"roleName\":[\"普通角色\"],\"roleKey\":[\"common\"],\"roleSort\":[\"2\"],\"status\":[\"0\"],\"remark\":[\"普通角色\"],\"menuIds\":[\"1,100,1000,1001,1002,1003,1004,1005,1006,103,1016,1017,1018,1019,104,1020,1021,1022,1023,1024,107,1035,1036,1037,1038,2000,2001,2005,2,109,1047,1048,1049,110,1050,1051,1052,1053,1054,1055,1056,111,112,113,3,114,115,1057,1058,1059,1060,1061,116\"]}','{\"msg\":\"操作成功\",\"code\":0}',0,NULL,'2023-06-30 15:25:05',38),(152,'代码生成',2,'com.ruoyi.generator.controller.GenController.editSave()','POST',1,'user',NULL,'/tool/gen/edit','127.0.0.1','内网IP','{\"tableId\":[\"13\"],\"tableName\":[\"card\"],\"tableComment\":[\"校园卡信息表\"],\"className\":[\"Card\"],\"functionAuthor\":[\"ruoyi\"],\"remark\":[\"\"],\"columns[0].columnId\":[\"88\"],\"columns[0].sort\":[\"1\"],\"columns[0].columnComment\":[\"卡序号\"],\"columns[0].javaType\":[\"Long\"],\"columns[0].javaField\":[\"cardNum\"],\"columns[0].isInsert\":[\"1\"],\"columns[0].queryType\":[\"EQ\"],\"columns[0].htmlType\":[\"input\"],\"columns[0].dictType\":[\"\"],\"columns[1].columnId\":[\"89\"],\"columns[1].sort\":[\"2\"],\"columns[1].columnComment\":[\"卡号\"],\"columns[1].javaType\":[\"String\"],\"columns[1].javaField\":[\"cardId\"],\"columns[1].isInsert\":[\"1\"],\"columns[1].isList\":[\"1\"],\"columns[1].isQuery\":[\"1\"],\"columns[1].queryType\":[\"EQ\"],\"columns[1].isRequired\":[\"1\"],\"columns[1].htmlType\":[\"input\"],\"columns[1].dictType\":[\"\"],\"columns[2].columnId\":[\"90\"],\"columns[2].sort\":[\"3\"],\"columns[2].columnComment\":[\"余额\"],\"columns[2].javaType\":[\"String\"],\"columns[2].javaField\":[\"balance\"],\"columns[2].isList\":[\"1\"],\"columns[2].isQuery\":[\"1\"],\"columns[2].queryType\":[\"EQ\"],\"columns[2].isRequired\":[\"1\"],\"columns[2].htmlType\":[\"input\"],\"columns[2].dictType\":[\"\"],\"tplCategory\":[\"crud\"],\"packageName\":[\"com.ruoyi.system\"],\"moduleName\":[\"system\"],\"businessName\":[\"card\"],\"functionName\":[\"校园卡信息\"],\"params[parentMenuId]\":[\"\"],\"params[parentMenuName]\":[\"\"],\"genType\":[\"0\"],\"genPath\":[\"/\"],\"subTableName\":[\"\"],\"params[treeCode]\":[\"\"],\"params[treeParentCode]\":[\"\"],\"params[treeName]\":[\"\"]}','{\"msg\":\"操作成功\",\"code\":0}',0,NULL,'2023-06-30 15:26:37',44),(153,'代码生成',8,'com.ruoyi.generator.controller.GenController.download()','GET',1,'user',NULL,'/tool/gen/download/card','127.0.0.1','内网IP','\"card\"',NULL,0,NULL,'2023-06-30 15:26:43',571),(154,'代码生成',8,'com.ruoyi.generator.controller.GenController.download()','GET',1,'user',NULL,'/tool/gen/download/card','127.0.0.1','内网IP','\"card\"',NULL,0,NULL,'2023-06-30 15:26:45',190),(155,'校园卡信息',1,'com.ruoyi.system.controller.CardController.addSave()','POST',1,'admin','研发部门','/system/card/add','127.0.0.1','内网IP','{\"cardId\":[\"swe21413\"]}','{\"msg\":\"操作成功\",\"code\":0}',0,NULL,'2023-06-30 15:31:27',34),(156,'校园卡信息',3,'com.ruoyi.system.controller.CardController.remove()','POST',1,'admin','研发部门','/system/card/remove','127.0.0.1','内网IP','{\"ids\":[\"101\"]}','{\"msg\":\"操作成功\",\"code\":0}',0,NULL,'2023-06-30 15:31:33',67),(157,'校园卡信息',3,'com.ruoyi.system.controller.CardController.remove()','POST',1,'admin','研发部门','/system/card/remove','127.0.0.1','内网IP','{\"ids\":[\"102\"]}','{\"msg\":\"操作成功\",\"code\":0}',0,NULL,'2023-06-30 15:31:35',12),(158,'代码生成',3,'com.ruoyi.generator.controller.GenController.remove()','POST',1,'admin','研发部门','/tool/gen/remove','127.0.0.1','内网IP','{\"ids\":[\"13\"]}','{\"msg\":\"操作成功\",\"code\":0}',0,NULL,'2023-06-30 16:02:13',166),(159,'代码生成',6,'com.ruoyi.generator.controller.GenController.importTableSave()','POST',1,'admin','研发部门','/tool/gen/importTable','127.0.0.1','内网IP','{\"tables\":[\"card\"]}','{\"msg\":\"操作成功\",\"code\":0}',0,NULL,'2023-06-30 16:02:16',129),(160,'校园卡信息',1,'com.ruoyi.system.controller.CardController.addSave()','POST',1,'admin','研发部门','/system/card/add','127.0.0.1','内网IP','{\"cardId\":[\"1\"]}','{\"msg\":\"操作成功\",\"code\":0}',0,NULL,'2023-06-30 16:03:03',13),(161,'校园卡信息',1,'com.ruoyi.system.controller.CardController.addSave()','POST',1,'admin','研发部门','/system/card/add','127.0.0.1','内网IP','{\"cardId\":[\"1\"]}',NULL,1,'\r\n### Error updating database.  Cause: java.sql.SQLIntegrityConstraintViolationException: Duplicate entry \'1\' for key \'card.unique_id\'\r\n### The error may exist in file [D:\\JavaWeb\\RuoYi-master\\ruoyi-system\\target\\classes\\mapper\\system\\CardMapper.xml]\r\n### The error may involve com.ruoyi.system.mapper.CardMapper.insertCard-Inline\r\n### The error occurred while setting parameters\r\n### SQL: insert into card          ( card_id )           values ( ? )\r\n### Cause: java.sql.SQLIntegrityConstraintViolationException: Duplicate entry \'1\' for key \'card.unique_id\'\n; Duplicate entry \'1\' for key \'card.unique_id\'; nested exception is java.sql.SQLIntegrityConstraintViolationException: Duplicate entry \'1\' for key \'card.unique_id\'','2023-06-30 16:03:06',142),(162,'校园卡信息',1,'com.ruoyi.system.controller.CardController.addSave()','POST',1,'admin','研发部门','/system/card/add','127.0.0.1','内网IP','{\"cardId\":[\"1\"]}',NULL,1,'\r\n### Error updating database.  Cause: java.sql.SQLIntegrityConstraintViolationException: Duplicate entry \'1\' for key \'card.unique_id\'\r\n### The error may exist in file [D:\\JavaWeb\\RuoYi-master\\ruoyi-system\\target\\classes\\mapper\\system\\CardMapper.xml]\r\n### The error may involve com.ruoyi.system.mapper.CardMapper.insertCard-Inline\r\n### The error occurred while setting parameters\r\n### SQL: insert into card          ( card_id )           values ( ? )\r\n### Cause: java.sql.SQLIntegrityConstraintViolationException: Duplicate entry \'1\' for key \'card.unique_id\'\n; Duplicate entry \'1\' for key \'card.unique_id\'; nested exception is java.sql.SQLIntegrityConstraintViolationException: Duplicate entry \'1\' for key \'card.unique_id\'','2023-06-30 16:03:11',10),(163,'校园卡信息',1,'com.ruoyi.system.controller.CardController.addSave()','POST',1,'admin','研发部门','/system/card/add','127.0.0.1','内网IP','{\"cardId\":[\"1\"]}',NULL,1,'\r\n### Error updating database.  Cause: java.sql.SQLIntegrityConstraintViolationException: Duplicate entry \'1\' for key \'card.unique_id\'\r\n### The error may exist in file [D:\\JavaWeb\\RuoYi-master\\ruoyi-system\\target\\classes\\mapper\\system\\CardMapper.xml]\r\n### The error may involve com.ruoyi.system.mapper.CardMapper.insertCard-Inline\r\n### The error occurred while setting parameters\r\n### SQL: insert into card          ( card_id )           values ( ? )\r\n### Cause: java.sql.SQLIntegrityConstraintViolationException: Duplicate entry \'1\' for key \'card.unique_id\'\n; Duplicate entry \'1\' for key \'card.unique_id\'; nested exception is java.sql.SQLIntegrityConstraintViolationException: Duplicate entry \'1\' for key \'card.unique_id\'','2023-06-30 16:45:38',226),(164,'校园卡信息',1,'com.ruoyi.system.controller.CardController.addSave()','POST',1,'admin','研发部门','/system/card/add','127.0.0.1','内网IP','{\"cardId\":[\"1\"]}',NULL,1,'\r\n### Error updating database.  Cause: java.sql.SQLIntegrityConstraintViolationException: Duplicate entry \'1\' for key \'card.unique_id\'\r\n### The error may exist in file [D:\\JavaWeb\\RuoYi-master\\ruoyi-system\\target\\classes\\mapper\\system\\CardMapper.xml]\r\n### The error may involve com.ruoyi.system.mapper.CardMapper.insertCard-Inline\r\n### The error occurred while setting parameters\r\n### SQL: insert into card          ( card_id )           values ( ? )\r\n### Cause: java.sql.SQLIntegrityConstraintViolationException: Duplicate entry \'1\' for key \'card.unique_id\'\n; Duplicate entry \'1\' for key \'card.unique_id\'; nested exception is java.sql.SQLIntegrityConstraintViolationException: Duplicate entry \'1\' for key \'card.unique_id\'','2023-06-30 16:45:41',10),(165,'校园卡信息',1,'com.ruoyi.system.controller.CardController.addSave()','POST',1,'admin','研发部门','/system/card/add','127.0.0.1','内网IP','{\"cardId\":[\"1\"]}',NULL,1,'Invalid bound statement (not found): com.ruoyi.system.mapper.CardMapper.checkCardIdUnique','2023-06-30 17:15:39',128),(166,'校园卡信息',1,'com.ruoyi.system.controller.CardController.addSave()','POST',1,'admin','研发部门','/system/card/add','127.0.0.1','内网IP','{\"cardId\":[\"2\"]}',NULL,1,'Invalid bound statement (not found): com.ruoyi.system.mapper.CardMapper.checkCardIdUnique','2023-06-30 17:16:06',1),(167,'校园卡信息',1,'com.ruoyi.system.controller.CardController.addSave()','POST',1,'admin','研发部门','/system/card/add','127.0.0.1','内网IP','{\"cardId\":[\"1\"]}','{\"msg\":\"新增卡号\'1\'失败，新增卡号已存在\",\"code\":500}',0,NULL,'2023-06-30 17:24:40',153),(168,'校园卡信息',1,'com.ruoyi.system.controller.CardController.addSave()','POST',1,'admin','研发部门','/system/card/add','127.0.0.1','内网IP','{\"cardId\":[\"2\"]}','{\"msg\":\"操作成功\",\"code\":0}',0,NULL,'2023-06-30 17:24:55',21),(169,'代码生成',2,'com.ruoyi.generator.controller.GenController.editSave()','POST',1,'admin','研发部门','/tool/gen/edit','127.0.0.1','内网IP','{\"tableId\":[\"14\"],\"tableName\":[\"card\"],\"tableComment\":[\"校园卡信息表\"],\"className\":[\"Card\"],\"functionAuthor\":[\"ruoyi\"],\"remark\":[\"\"],\"columns[0].columnId\":[\"91\"],\"columns[0].sort\":[\"1\"],\"columns[0].columnComment\":[\"卡序号\"],\"columns[0].javaType\":[\"Long\"],\"columns[0].javaField\":[\"cardNum\"],\"columns[0].isInsert\":[\"1\"],\"columns[0].queryType\":[\"EQ\"],\"columns[0].htmlType\":[\"input\"],\"columns[0].dictType\":[\"\"],\"columns[1].columnId\":[\"92\"],\"columns[1].sort\":[\"2\"],\"columns[1].columnComment\":[\"卡号\"],\"columns[1].javaType\":[\"String\"],\"columns[1].javaField\":[\"cardId\"],\"columns[1].isInsert\":[\"1\"],\"columns[1].isEdit\":[\"1\"],\"columns[1].isList\":[\"1\"],\"columns[1].isQuery\":[\"1\"],\"columns[1].queryType\":[\"EQ\"],\"columns[1].isRequired\":[\"1\"],\"columns[1].htmlType\":[\"input\"],\"columns[1].dictType\":[\"\"],\"columns[2].columnId\":[\"93\"],\"columns[2].sort\":[\"3\"],\"columns[2].columnComment\":[\"余额\"],\"columns[2].javaType\":[\"String\"],\"columns[2].javaField\":[\"balance\"],\"columns[2].isInsert\":[\"1\"],\"columns[2].isEdit\":[\"1\"],\"columns[2].isList\":[\"1\"],\"columns[2].isQuery\":[\"1\"],\"columns[2].queryType\":[\"EQ\"],\"columns[2].isRequired\":[\"1\"],\"columns[2].htmlType\":[\"input\"],\"columns[2].dictType\":[\"\"],\"tplCategory\":[\"crud\"],\"packageName\":[\"com.ruoyi.system\"],\"moduleName\":[\"system\"],\"businessName\":[\"card\"],\"functionName\":[\"校园卡信息\"],\"params[parentMenuId]\":[\"\"],\"params[parentMenuName]\":[\"\"],\"genType\":[\"0\"],\"genPath\":[\"/\"],\"subTableName\":[\"\"],\"params[treeCode]\":[\"\"],\"params[treeParentCode]\":[\"\"],\"params[treeName]\":[\"\"]}','{\"msg\":\"操作成功\",\"code\":0}',0,NULL,'2023-07-03 08:26:57',121),(170,'代码生成',2,'com.ruoyi.generator.controller.GenController.synchDb()','GET',1,'admin','研发部门','/tool/gen/synchDb/card','127.0.0.1','内网IP','\"card\"','{\"msg\":\"操作成功\",\"code\":0}',0,NULL,'2023-07-03 08:27:00',174),(171,'代码生成',8,'com.ruoyi.generator.controller.GenController.download()','GET',1,'admin','研发部门','/tool/gen/download/card','127.0.0.1','内网IP','\"card\"',NULL,0,NULL,'2023-07-03 08:27:03',411),(172,'校园卡信息',2,'com.ruoyi.system.controller.CardController.editSave()','POST',1,'admin','研发部门','/system/card/edit','127.0.0.1','内网IP','{\"cardNum\":[\"103\"],\"balance\":[\"10000\"]}','{\"msg\":\"操作成功\",\"code\":0}',0,NULL,'2023-07-03 08:35:41',128),(173,'校园卡信息',1,'com.ruoyi.system.controller.CardController.addSave()','POST',1,'admin','研发部门','/system/card/add','127.0.0.1','内网IP','{\"cardId\":[\"123134\"]}','{\"msg\":\"操作成功\",\"code\":0}',0,NULL,'2023-07-03 08:35:48',27),(174,'校园卡信息',2,'com.ruoyi.system.controller.CardController.editSave()','POST',1,'admin','研发部门','/system/card/edit','127.0.0.1','内网IP','{\"cardNum\":[\"109\"],\"balance\":[\"1241421\"]}','{\"msg\":\"操作成功\",\"code\":0}',0,NULL,'2023-07-03 08:35:52',19),(175,'校园卡信息',3,'com.ruoyi.system.controller.CardController.remove()','POST',1,'admin','研发部门','/system/card/remove','127.0.0.1','内网IP','{\"ids\":[\"103,108,109\"]}','{\"msg\":\"操作成功\",\"code\":0}',0,NULL,'2023-07-03 08:35:58',30),(176,'代码生成',3,'com.ruoyi.generator.controller.GenController.remove()','POST',1,'admin','研发部门','/tool/gen/remove','127.0.0.1','内网IP','{\"ids\":[\"14\"]}','{\"msg\":\"操作成功\",\"code\":0}',0,NULL,'2023-07-03 08:43:32',70),(177,'代码生成',6,'com.ruoyi.generator.controller.GenController.importTableSave()','POST',1,'admin','研发部门','/tool/gen/importTable','127.0.0.1','内网IP','{\"tables\":[\"card\"]}','{\"msg\":\"操作成功\",\"code\":0}',0,NULL,'2023-07-03 08:43:38',127),(178,'校园卡信息',1,'com.ruoyi.system.controller.CardController.addSave()','POST',1,'admin','研发部门','/system/card/add','127.0.0.1','内网IP','{\"cardId\":[\"123\"],\"cardName\":[\"SWE213\"]}','{\"msg\":\"操作成功\",\"code\":0}',0,NULL,'2023-07-03 08:52:36',69),(179,'校园卡信息',2,'com.ruoyi.system.controller.CardController.editSave()','POST',1,'admin','研发部门','/system/card/edit','127.0.0.1','内网IP','{\"cardNum\":[\"110\"],\"balance\":[\"123\"]}','{\"msg\":\"操作成功\",\"code\":0}',0,NULL,'2023-07-03 08:52:48',17),(180,'校园卡信息',3,'com.ruoyi.system.controller.CardController.remove()','POST',1,'admin','研发部门','/system/card/remove','127.0.0.1','内网IP','{\"ids\":[\"110\"]}','{\"msg\":\"操作成功\",\"code\":0}',0,NULL,'2023-07-03 08:52:50',16),(181,'校园卡信息',1,'com.ruoyi.system.controller.CardController.addSave()','POST',1,'admin','研发部门','/system/card/add','127.0.0.1','内网IP','{\"cardId\":[\"123\"],\"cardName\":[\"1234\"]}','{\"msg\":\"操作成功\",\"code\":0}',0,NULL,'2023-07-03 08:53:00',14),(182,'校园卡信息',1,'com.ruoyi.system.controller.CardController.addSave()','POST',1,'admin','研发部门','/system/card/add','127.0.0.1','内网IP','{\"cardId\":[\"12\"],\"cardName\":[\"1234\"]}','{\"msg\":\"操作成功\",\"code\":0}',0,NULL,'2023-07-03 08:53:05',16),(183,'校园卡信息',3,'com.ruoyi.system.controller.CardController.remove()','POST',1,'admin','研发部门','/system/card/remove','127.0.0.1','内网IP','{\"ids\":[\"112\"]}','{\"msg\":\"操作成功\",\"code\":0}',0,NULL,'2023-07-03 08:53:07',12),(184,'校园卡信息',3,'com.ruoyi.system.controller.CardController.remove()','POST',1,'admin','研发部门','/system/card/remove','127.0.0.1','内网IP','{\"ids\":[\"111\"]}','{\"msg\":\"操作成功\",\"code\":0}',0,NULL,'2023-07-03 08:53:09',14),(185,'校园卡信息',1,'com.ruoyi.system.controller.CardController.addSave()','POST',1,'admin','研发部门','/system/card/add','127.0.0.1','内网IP','{\"cardId\":[\"123\"],\"cardName\":[\"1234\"]}','{\"msg\":\"操作成功\",\"code\":0}',0,NULL,'2023-07-03 09:02:57',179),(186,'校园卡信息',1,'com.ruoyi.system.controller.CardController.addSave()','POST',1,'admin','研发部门','/system/card/add','127.0.0.1','内网IP','{\"cardId\":[\"123\"],\"cardName\":[\"1234\"]}','{\"msg\":\"新增卡号\'123\'失败，新增卡号已存在！\",\"code\":500}',0,NULL,'2023-07-03 09:03:01',7),(187,'校园卡信息',1,'com.ruoyi.system.controller.CardController.addSave()','POST',1,'admin','研发部门','/system/card/add','127.0.0.1','内网IP','{\"cardId\":[\"12345\"],\"cardName\":[\"1234\"]}','{\"msg\":\"账号：\'1234\'新增卡失败，已拥有卡！\",\"code\":500}',0,NULL,'2023-07-03 09:03:08',17),(188,'校园卡信息',1,'com.ruoyi.system.controller.CardController.addSave()','POST',1,'admin','研发部门','/system/card/add','127.0.0.1','内网IP','{\"cardId\":[\"123\"],\"cardName\":[\"1234\"]}','{\"msg\":\"新增卡号\'123\'失败，新增卡号已存在！\",\"code\":500}',0,NULL,'2023-07-03 09:03:15',7),(189,'校园卡信息',1,'com.ruoyi.system.controller.CardController.addSave()','POST',1,'admin','研发部门','/system/card/add','127.0.0.1','内网IP','{\"cardId\":[\"123\"],\"cardName\":[\"1234\"]}','{\"msg\":\"新增卡号\'123\'失败，新增卡号已存在！\",\"code\":500}',0,NULL,'2023-07-03 09:03:18',7),(190,'校园卡信息',1,'com.ruoyi.system.controller.CardController.addSave()','POST',1,'admin','研发部门','/system/card/add','127.0.0.1','内网IP','{\"cardId\":[\"1\"],\"cardName\":[\"1234\"]}','{\"msg\":\"账号：\'1234\'新增卡失败，已拥有卡！\",\"code\":500}',0,NULL,'2023-07-03 09:03:32',12),(191,'校园卡信息',1,'com.ruoyi.system.controller.CardController.addSave()','POST',1,'admin','研发部门','/system/card/add','127.0.0.1','内网IP','{\"cardId\":[\"1\"],\"cardName\":[\"12345\"]}','{\"msg\":\"操作成功\",\"code\":0}',0,NULL,'2023-07-03 09:03:34',23),(192,'校园卡信息',2,'com.ruoyi.system.controller.CardController.editSave()','POST',1,'admin','研发部门','/system/card/edit','127.0.0.1','内网IP','{\"cardNum\":[\"113\"],\"cardId\":[\"123\"],\"balance\":[\"0\"],\"cardName\":[\"12345\"]}','{\"msg\":\"操作成功\",\"code\":0}',0,NULL,'2023-07-03 09:03:39',16),(193,'校园卡信息',3,'com.ruoyi.system.controller.CardController.remove()','POST',1,'admin','研发部门','/system/card/remove','127.0.0.1','内网IP','{\"ids\":[\"113\"]}','{\"msg\":\"操作成功\",\"code\":0}',0,NULL,'2023-07-03 09:03:42',25),(194,'校园卡信息',3,'com.ruoyi.system.controller.CardController.remove()','POST',1,'admin','研发部门','/system/card/remove','127.0.0.1','内网IP','{\"ids\":[\"114\"]}','{\"msg\":\"操作成功\",\"code\":0}',0,NULL,'2023-07-03 09:03:45',13),(195,'校园卡信息',1,'com.ruoyi.system.controller.CardController.addSave()','POST',1,'admin','研发部门','/system/card/add','127.0.0.1','内网IP','{\"cardId\":[\"1234\"],\"cardName\":[\"swe254\"]}','{\"msg\":\"操作成功\",\"code\":0}',0,NULL,'2023-07-03 09:05:28',27),(196,'校园卡信息',1,'com.ruoyi.system.controller.CardController.addSave()','POST',1,'admin','研发部门','/system/card/add','127.0.0.1','内网IP','{\"cardId\":[\"123\"],\"cardName\":[\"123446sffs\"]}','{\"msg\":\"操作成功\",\"code\":0}',0,NULL,'2023-07-03 09:05:44',24),(197,'校园卡信息',3,'com.ruoyi.system.controller.CardController.remove()','POST',1,'admin','研发部门','/system/card/remove','127.0.0.1','内网IP','{\"ids\":[\"116\"]}','{\"msg\":\"操作成功\",\"code\":0}',0,NULL,'2023-07-03 09:05:56',13),(198,'校园卡信息',3,'com.ruoyi.system.controller.CardController.remove()','POST',1,'admin','研发部门','/system/card/remove','127.0.0.1','内网IP','{\"ids\":[\"115\"]}','{\"msg\":\"操作成功\",\"code\":0}',0,NULL,'2023-07-03 09:05:58',12),(199,'校园卡信息',1,'com.ruoyi.system.controller.CardController.addSave()','POST',1,'admin','研发部门','/system/card/add','127.0.0.1','内网IP','{\"cardId\":[\"123\"],\"cardName\":[\"user\"]}','{\"msg\":\"操作成功\",\"code\":0}',0,NULL,'2023-07-03 09:15:25',144),(200,'校园卡信息',1,'com.ruoyi.system.controller.CardController.addSave()','POST',1,'admin','研发部门','/system/card/add','127.0.0.1','内网IP','{\"cardId\":[\"456\"],\"cardName\":[\"swe210\"]}','{\"msg\":\"操作成功\",\"code\":0}',0,NULL,'2023-07-03 09:16:56',132),(201,'创建表',0,'com.ruoyi.generator.controller.GenController.create()','POST',1,'admin','研发部门','/tool/gen/createTable','127.0.0.1','内网IP','{\"sql\":[\"CREATE  table cz_table\\n(\\n    `RID` bigint(20) NOT NULL AUTO_INCREMENT COMMENT \'充值序号\',\\n    `ID` varchar(20) CHARACTER SET utf8mb4 COLLATE utf8mb4_general_ci DEFAULT NULL COMMENT \'机器编号\',\\n    `Amount` INT DEFAULT NULL COMMENT \'充值金额\',\\n    `Time` datetime DEFAULT NULL COMMENT\'充值时间\',\\n    `CardID` VARCHAR(20) DEFAULT NULL COMMENT \'卡号\',\\n    PRIMARY KEY (`RID`) USING BTREE\\n)ENGINE=InnoDB AUTO_INCREMENT=68 DEFAULT CHARSET=utf8mb4 COLLATE=utf8mb4_0900_ai_ci ROW_FORMAT=DYNAMIC;\"]}','{\"msg\":\"操作成功\",\"code\":0}',0,NULL,'2023-07-03 09:26:50',549),(202,'代码生成',2,'com.ruoyi.generator.controller.GenController.editSave()','POST',1,'admin','研发部门','/tool/gen/edit','127.0.0.1','内网IP','{\"tableId\":[\"16\"],\"tableName\":[\"cz_table\"],\"tableComment\":[\"充值表\"],\"className\":[\"CzTable\"],\"functionAuthor\":[\"ruoyi\"],\"remark\":[\"\"],\"columns[0].columnId\":[\"98\"],\"columns[0].sort\":[\"1\"],\"columns[0].columnComment\":[\"充值序号\"],\"columns[0].javaType\":[\"Long\"],\"columns[0].javaField\":[\"RID\"],\"columns[0].isInsert\":[\"1\"],\"columns[0].queryType\":[\"EQ\"],\"columns[0].htmlType\":[\"input\"],\"columns[0].dictType\":[\"\"],\"columns[1].columnId\":[\"99\"],\"columns[1].sort\":[\"2\"],\"columns[1].columnComment\":[\"机器编号\"],\"columns[1].javaType\":[\"String\"],\"columns[1].javaField\":[\"ID\"],\"columns[1].isInsert\":[\"1\"],\"columns[1].isEdit\":[\"1\"],\"columns[1].isList\":[\"1\"],\"columns[1].isQuery\":[\"1\"],\"columns[1].queryType\":[\"EQ\"],\"columns[1].htmlType\":[\"input\"],\"columns[1].dictType\":[\"\"],\"columns[2].columnId\":[\"100\"],\"columns[2].sort\":[\"3\"],\"columns[2].columnComment\":[\"充值金额\"],\"columns[2].javaType\":[\"Long\"],\"columns[2].javaField\":[\"Amount\"],\"columns[2].isInsert\":[\"1\"],\"columns[2].isEdit\":[\"1\"],\"columns[2].isList\":[\"1\"],\"columns[2].isQuery\":[\"1\"],\"columns[2].queryType\":[\"EQ\"],\"columns[2].htmlType\":[\"input\"],\"columns[2].dictType\":[\"\"],\"columns[3].columnId\":[\"101\"],\"columns[3].sort\":[\"4\"],\"columns[3].columnComment\":[\"充值时间\"],\"columns[3].javaType\":[\"Date\"],\"columns[3].javaField\":[\"Time\"],\"columns[3].isInsert\":[\"1\"],\"columns[3].isEdit\":[\"1\"],\"columns[3].isList\":[\"1\"],\"columns[3].isQuery\":[\"1\"],\"columns[3].queryType\":[\"EQ\"],\"columns[3].htmlType\":[\"datetime\"],\"columns[3].dictType\":[\"\"],\"columns[4].columnId\":[\"102\"],\"columns[4].sort\":[\"5\"],\"columns[4].columnComment\":[\"卡号\"],\"columns[4].javaType\":[\"String\"],\"columns[4].javaField\":[\"CardID\"],\"columns[4].isInsert\":[\"1\"],\"columns[4].isEdit\":[\"1\"],\"columns[4].isList\":[\"1\"],\"columns[4].isQuery\":[\"1\"],\"columns[4].queryType\":[\"EQ\"],\"columns[4].htmlType\":[\"input\"],\"columns[4].dictType\":[\"\"],\"tplCategory\":[\"crud\"],\"packageName\":[\"com.ruoyi.system\"],\"moduleName\":[\"system\"],\"businessName\":[\"table\"],\"functionName\":[\"充值\"],\"params[parentMenuId]\":[\"\"],\"params[parentMenuName]\":[\"\"],\"genType\":[\"','{\"msg\":\"操作成功\",\"code\":0}',0,NULL,'2023-07-03 09:27:58',73),(203,'代码生成',2,'com.ruoyi.generator.controller.GenController.editSave()','POST',1,'admin','研发部门','/tool/gen/edit','127.0.0.1','内网IP','{\"tableId\":[\"16\"],\"tableName\":[\"cz_table\"],\"tableComment\":[\"充值表\"],\"className\":[\"CzTable\"],\"functionAuthor\":[\"ruoyi\"],\"remark\":[\"\"],\"columns[0].columnId\":[\"98\"],\"columns[0].sort\":[\"1\"],\"columns[0].columnComment\":[\"充值序号\"],\"columns[0].javaType\":[\"Long\"],\"columns[0].javaField\":[\"RID\"],\"columns[0].isInsert\":[\"1\"],\"columns[0].queryType\":[\"EQ\"],\"columns[0].htmlType\":[\"input\"],\"columns[0].dictType\":[\"\"],\"columns[1].columnId\":[\"99\"],\"columns[1].sort\":[\"2\"],\"columns[1].columnComment\":[\"机器编号\"],\"columns[1].javaType\":[\"String\"],\"columns[1].javaField\":[\"ID\"],\"columns[1].isInsert\":[\"1\"],\"columns[1].isEdit\":[\"1\"],\"columns[1].isList\":[\"1\"],\"columns[1].isQuery\":[\"1\"],\"columns[1].queryType\":[\"EQ\"],\"columns[1].htmlType\":[\"input\"],\"columns[1].dictType\":[\"\"],\"columns[2].columnId\":[\"100\"],\"columns[2].sort\":[\"3\"],\"columns[2].columnComment\":[\"充值金额\"],\"columns[2].javaType\":[\"Long\"],\"columns[2].javaField\":[\"Amount\"],\"columns[2].isInsert\":[\"1\"],\"columns[2].isEdit\":[\"1\"],\"columns[2].isList\":[\"1\"],\"columns[2].isQuery\":[\"1\"],\"columns[2].queryType\":[\"EQ\"],\"columns[2].htmlType\":[\"input\"],\"columns[2].dictType\":[\"\"],\"columns[3].columnId\":[\"101\"],\"columns[3].sort\":[\"4\"],\"columns[3].columnComment\":[\"充值时间\"],\"columns[3].javaType\":[\"Date\"],\"columns[3].javaField\":[\"Time\"],\"columns[3].isInsert\":[\"1\"],\"columns[3].isEdit\":[\"1\"],\"columns[3].isList\":[\"1\"],\"columns[3].isQuery\":[\"1\"],\"columns[3].queryType\":[\"EQ\"],\"columns[3].htmlType\":[\"datetime\"],\"columns[3].dictType\":[\"\"],\"columns[4].columnId\":[\"102\"],\"columns[4].sort\":[\"5\"],\"columns[4].columnComment\":[\"卡号\"],\"columns[4].javaType\":[\"String\"],\"columns[4].javaField\":[\"CardID\"],\"columns[4].isInsert\":[\"1\"],\"columns[4].isEdit\":[\"1\"],\"columns[4].isList\":[\"1\"],\"columns[4].isQuery\":[\"1\"],\"columns[4].queryType\":[\"EQ\"],\"columns[4].htmlType\":[\"input\"],\"columns[4].dictType\":[\"\"],\"tplCategory\":[\"crud\"],\"packageName\":[\"com.ruoyi.system\"],\"moduleName\":[\"system\"],\"businessName\":[\"cz\"],\"functionName\":[\"充值\"],\"params[parentMenuId]\":[\"2000\"],\"params[parentMenuName]\":[\"使用校园卡\"],\"genTy','{\"msg\":\"操作成功\",\"code\":0}',0,NULL,'2023-07-03 09:29:04',51),(204,'代码生成',8,'com.ruoyi.generator.controller.GenController.download()','GET',1,'admin','研发部门','/tool/gen/download/cz_table','127.0.0.1','内网IP','\"cz_table\"',NULL,0,NULL,'2023-07-03 09:29:16',103),(205,'代码生成',8,'com.ruoyi.generator.controller.GenController.download()','GET',1,'admin','研发部门','/tool/gen/download/cz_table','127.0.0.1','内网IP','\"cz_table\"',NULL,0,NULL,'2023-07-03 09:29:16',93),(206,'菜单管理',1,'com.ruoyi.web.controller.system.SysMenuController.addSave()','POST',1,'admin','研发部门','/system/menu/add','127.0.0.1','内网IP','{\"parentId\":[\"2000\"],\"menuType\":[\"C\"],\"menuName\":[\"充值机\"],\"url\":[\"\"],\"target\":[\"menuItem\"],\"perms\":[\"system:cz:view\"],\"orderNum\":[\"2\"],\"icon\":[\"fa fa-shopping-basket\"],\"visible\":[\"0\"],\"isRefresh\":[\"1\"]}','{\"msg\":\"操作成功\",\"code\":0}',0,NULL,'2023-07-03 09:38:44',41),(207,'菜单管理',2,'com.ruoyi.web.controller.system.SysMenuController.editSave()','POST',1,'admin','研发部门','/system/menu/edit','127.0.0.1','内网IP','{\"menuId\":[\"2006\"],\"parentId\":[\"2000\"],\"menuType\":[\"C\"],\"menuName\":[\"充值机\"],\"url\":[\"/system/cz\"],\"target\":[\"menuItem\"],\"perms\":[\"system:cz:view\"],\"orderNum\":[\"2\"],\"icon\":[\"fa fa-shopping-basket\"],\"visible\":[\"0\"],\"isRefresh\":[\"1\"]}','{\"msg\":\"操作成功\",\"code\":0}',0,NULL,'2023-07-03 09:40:09',200),(208,'充值',1,'com.ruoyi.web.controller.system.CzTableController.addSave()','POST',1,'admin','研发部门','/system/cz/add','127.0.0.1','内网IP','{\"ID\":[\"1\"],\"Amount\":[\"1000\"],\"Time\":[\"2023-07-03\"],\"CardID\":[\"123\"]}','{\"msg\":\"操作成功\",\"code\":0}',0,NULL,'2023-07-03 10:03:42',132),(209,'充值',3,'com.ruoyi.web.controller.system.CzTableController.remove()','POST',1,'admin','研发部门','/system/cz/remove','127.0.0.1','内网IP','{\"ids\":[\"undefined\"]}',NULL,1,'\r\n### Error updating database.  Cause: com.mysql.cj.jdbc.exceptions.MysqlDataTruncation: Data truncation: Truncated incorrect DOUBLE value: \'undefined\'\r\n### The error may exist in file [D:\\JavaWeb\\RuoYi-master\\ruoyi-system\\target\\classes\\mapper\\system\\CzTableMapper.xml]\r\n### The error may involve com.ruoyi.system.mapper.CzTableMapper.deleteCzTableByRIDs-Inline\r\n### The error occurred while setting parameters\r\n### SQL: delete from cz_table where RID in           (               ?          )\r\n### Cause: com.mysql.cj.jdbc.exceptions.MysqlDataTruncation: Data truncation: Truncated incorrect DOUBLE value: \'undefined\'\n; Data truncation: Truncated incorrect DOUBLE value: \'undefined\'; nested exception is com.mysql.cj.jdbc.exceptions.MysqlDataTruncation: Data truncation: Truncated incorrect DOUBLE value: \'undefined\'','2023-07-03 10:03:54',114),(210,'菜单管理',1,'com.ruoyi.web.controller.system.SysMenuController.addSave()','POST',1,'admin','研发部门','/system/menu/add','127.0.0.1','内网IP','{\"parentId\":[\"2006\"],\"menuType\":[\"F\"],\"menuName\":[\"充值记录添加\"],\"url\":[\"\"],\"target\":[\"menuItem\"],\"perms\":[\"system:cz:add\"],\"orderNum\":[\"1\"],\"icon\":[\"\"],\"visible\":[\"0\"],\"isRefresh\":[\"1\"]}','{\"msg\":\"操作成功\",\"code\":0}',0,NULL,'2023-07-03 10:04:37',51),(211,'菜单管理',1,'com.ruoyi.web.controller.system.SysMenuController.addSave()','POST',1,'admin','研发部门','/system/menu/add','127.0.0.1','内网IP','{\"parentId\":[\"2006\"],\"menuType\":[\"F\"],\"menuName\":[\"充值记录修改\"],\"url\":[\"\"],\"target\":[\"menuItem\"],\"perms\":[\"system:card:edit\"],\"orderNum\":[\"2\"],\"icon\":[\"\"],\"visible\":[\"0\"],\"isRefresh\":[\"1\"]}','{\"msg\":\"操作成功\",\"code\":0}',0,NULL,'2023-07-03 10:05:07',26),(212,'菜单管理',1,'com.ruoyi.web.controller.system.SysMenuController.addSave()','POST',1,'admin','研发部门','/system/menu/add','127.0.0.1','内网IP','{\"parentId\":[\"2006\"],\"menuType\":[\"F\"],\"menuName\":[\"充值记录查询\"],\"url\":[\"\"],\"target\":[\"menuItem\"],\"perms\":[\"system:cz:list\"],\"orderNum\":[\"3\"],\"icon\":[\"\"],\"visible\":[\"0\"],\"isRefresh\":[\"1\"]}','{\"msg\":\"操作成功\",\"code\":0}',0,NULL,'2023-07-03 10:05:50',22),(213,'菜单管理',2,'com.ruoyi.web.controller.system.SysMenuController.editSave()','POST',1,'admin','研发部门','/system/menu/edit','127.0.0.1','内网IP','{\"menuId\":[\"2008\"],\"parentId\":[\"2006\"],\"menuType\":[\"F\"],\"menuName\":[\"充值记录修改\"],\"url\":[\"#\"],\"target\":[\"menuItem\"],\"perms\":[\"system:cz:edit\"],\"orderNum\":[\"2\"],\"icon\":[\"#\"],\"visible\":[\"0\"],\"isRefresh\":[\"1\"]}','{\"msg\":\"操作成功\",\"code\":0}',0,NULL,'2023-07-03 10:06:04',17),(214,'菜单管理',1,'com.ruoyi.web.controller.system.SysMenuController.addSave()','POST',1,'admin','研发部门','/system/menu/add','127.0.0.1','内网IP','{\"parentId\":[\"2006\"],\"menuType\":[\"F\"],\"menuName\":[\"充值记录删除\"],\"url\":[\"\"],\"target\":[\"menuItem\"],\"perms\":[\"system:cz:remove\"],\"orderNum\":[\"4\"],\"icon\":[\"\"],\"visible\":[\"0\"],\"isRefresh\":[\"1\"]}','{\"msg\":\"操作成功\",\"code\":0}',0,NULL,'2023-07-03 10:06:24',21),(215,'充值',3,'com.ruoyi.web.controller.system.CzTableController.remove()','POST',1,'admin','研发部门','/system/cz/remove','127.0.0.1','内网IP','{\"ids\":[\"undefined\"]}',NULL,1,'\r\n### Error updating database.  Cause: com.mysql.cj.jdbc.exceptions.MysqlDataTruncation: Data truncation: Truncated incorrect DOUBLE value: \'undefined\'\r\n### The error may exist in file [D:\\JavaWeb\\RuoYi-master\\ruoyi-system\\target\\classes\\mapper\\system\\CzTableMapper.xml]\r\n### The error may involve com.ruoyi.system.mapper.CzTableMapper.deleteCzTableByRIDs-Inline\r\n### The error occurred while setting parameters\r\n### SQL: delete from cz_table where RID in           (               ?          )\r\n### Cause: com.mysql.cj.jdbc.exceptions.MysqlDataTruncation: Data truncation: Truncated incorrect DOUBLE value: \'undefined\'\n; Data truncation: Truncated incorrect DOUBLE value: \'undefined\'; nested exception is com.mysql.cj.jdbc.exceptions.MysqlDataTruncation: Data truncation: Truncated incorrect DOUBLE value: \'undefined\'','2023-07-03 10:06:30',7),(216,'充值',3,'com.ruoyi.web.controller.system.CzTableController.remove()','POST',1,'admin','研发部门','/system/cz/remove','127.0.0.1','内网IP','{\"ids\":[\"undefined\"]}',NULL,1,'\r\n### Error updating database.  Cause: com.mysql.cj.jdbc.exceptions.MysqlDataTruncation: Data truncation: Truncated incorrect DOUBLE value: \'undefined\'\r\n### The error may exist in file [D:\\JavaWeb\\RuoYi-master\\ruoyi-system\\target\\classes\\mapper\\system\\CzTableMapper.xml]\r\n### The error may involve com.ruoyi.system.mapper.CzTableMapper.deleteCzTableByRIDs-Inline\r\n### The error occurred while setting parameters\r\n### SQL: delete from cz_table where RID in           (               ?          )\r\n### Cause: com.mysql.cj.jdbc.exceptions.MysqlDataTruncation: Data truncation: Truncated incorrect DOUBLE value: \'undefined\'\n; Data truncation: Truncated incorrect DOUBLE value: \'undefined\'; nested exception is com.mysql.cj.jdbc.exceptions.MysqlDataTruncation: Data truncation: Truncated incorrect DOUBLE value: \'undefined\'','2023-07-03 10:06:51',6),(217,'充值',3,'com.ruoyi.web.controller.system.CzTableController.remove()','POST',1,'admin','研发部门','/system/cz/remove','127.0.0.1','内网IP','{\"ids\":[\"undefined\"]}',NULL,1,'\r\n### Error updating database.  Cause: com.mysql.cj.jdbc.exceptions.MysqlDataTruncation: Data truncation: Truncated incorrect DOUBLE value: \'undefined\'\r\n### The error may exist in file [D:\\JavaWeb\\RuoYi-master\\ruoyi-system\\target\\classes\\mapper\\system\\CzTableMapper.xml]\r\n### The error may involve com.ruoyi.system.mapper.CzTableMapper.deleteCzTableByRIDs-Inline\r\n### The error occurred while setting parameters\r\n### SQL: delete from cz_table where RID in           (               ?          )\r\n### Cause: com.mysql.cj.jdbc.exceptions.MysqlDataTruncation: Data truncation: Truncated incorrect DOUBLE value: \'undefined\'\n; Data truncation: Truncated incorrect DOUBLE value: \'undefined\'; nested exception is com.mysql.cj.jdbc.exceptions.MysqlDataTruncation: Data truncation: Truncated incorrect DOUBLE value: \'undefined\'','2023-07-03 10:07:04',6),(218,'充值',1,'com.ruoyi.web.controller.system.CzTableController.addSave()','POST',1,'admin','研发部门','/system/cz/add','127.0.0.1','内网IP','{\"ID\":[\"1\"],\"Amount\":[\"124\"],\"Time\":[\"2023-07-03\"],\"CardID\":[\"123\"]}','{\"msg\":\"操作成功\",\"code\":0}',0,NULL,'2023-07-03 10:07:17',13),(219,'充值',3,'com.ruoyi.web.controller.system.CzTableController.remove()','POST',1,'admin','研发部门','/system/cz/remove','127.0.0.1','内网IP','{\"ids\":[\"undefined\"]}',NULL,1,'\r\n### Error updating database.  Cause: com.mysql.cj.jdbc.exceptions.MysqlDataTruncation: Data truncation: Truncated incorrect DOUBLE value: \'undefined\'\r\n### The error may exist in file [D:\\JavaWeb\\RuoYi-master\\ruoyi-system\\target\\classes\\mapper\\system\\CzTableMapper.xml]\r\n### The error may involve com.ruoyi.system.mapper.CzTableMapper.deleteCzTableByRIDs-Inline\r\n### The error occurred while setting parameters\r\n### SQL: delete from cz_table where RID in           (               ?          )\r\n### Cause: com.mysql.cj.jdbc.exceptions.MysqlDataTruncation: Data truncation: Truncated incorrect DOUBLE value: \'undefined\'\n; Data truncation: Truncated incorrect DOUBLE value: \'undefined\'; nested exception is com.mysql.cj.jdbc.exceptions.MysqlDataTruncation: Data truncation: Truncated incorrect DOUBLE value: \'undefined\'','2023-07-03 10:07:23',7),(220,'代码生成',2,'com.ruoyi.generator.controller.GenController.editSave()','POST',1,'admin','研发部门','/tool/gen/edit','127.0.0.1','内网IP','{\"tableId\":[\"16\"],\"tableName\":[\"cz_table\"],\"tableComment\":[\"充值表\"],\"className\":[\"CzTable\"],\"functionAuthor\":[\"ruoyi\"],\"remark\":[\"\"],\"columns[0].columnId\":[\"98\"],\"columns[0].sort\":[\"1\"],\"columns[0].columnComment\":[\"充值序号\"],\"columns[0].javaType\":[\"Long\"],\"columns[0].javaField\":[\"RID\"],\"columns[0].isInsert\":[\"1\"],\"columns[0].queryType\":[\"EQ\"],\"columns[0].htmlType\":[\"input\"],\"columns[0].dictType\":[\"\"],\"columns[1].columnId\":[\"99\"],\"columns[1].sort\":[\"2\"],\"columns[1].columnComment\":[\"机器编号\"],\"columns[1].javaType\":[\"String\"],\"columns[1].javaField\":[\"ID\"],\"columns[1].isInsert\":[\"1\"],\"columns[1].isEdit\":[\"1\"],\"columns[1].isList\":[\"1\"],\"columns[1].isQuery\":[\"1\"],\"columns[1].queryType\":[\"EQ\"],\"columns[1].htmlType\":[\"input\"],\"columns[1].dictType\":[\"\"],\"columns[2].columnId\":[\"100\"],\"columns[2].sort\":[\"3\"],\"columns[2].columnComment\":[\"充值金额\"],\"columns[2].javaType\":[\"Double\"],\"columns[2].javaField\":[\"Amount\"],\"columns[2].isInsert\":[\"1\"],\"columns[2].isEdit\":[\"1\"],\"columns[2].isList\":[\"1\"],\"columns[2].isQuery\":[\"1\"],\"columns[2].queryType\":[\"EQ\"],\"columns[2].htmlType\":[\"input\"],\"columns[2].dictType\":[\"\"],\"columns[3].columnId\":[\"101\"],\"columns[3].sort\":[\"4\"],\"columns[3].columnComment\":[\"充值时间\"],\"columns[3].javaType\":[\"Date\"],\"columns[3].javaField\":[\"Time\"],\"columns[3].isInsert\":[\"1\"],\"columns[3].isEdit\":[\"1\"],\"columns[3].isList\":[\"1\"],\"columns[3].isQuery\":[\"1\"],\"columns[3].queryType\":[\"EQ\"],\"columns[3].htmlType\":[\"datetime\"],\"columns[3].dictType\":[\"\"],\"columns[4].columnId\":[\"102\"],\"columns[4].sort\":[\"5\"],\"columns[4].columnComment\":[\"卡号\"],\"columns[4].javaType\":[\"String\"],\"columns[4].javaField\":[\"CardID\"],\"columns[4].isInsert\":[\"1\"],\"columns[4].isEdit\":[\"1\"],\"columns[4].isList\":[\"1\"],\"columns[4].isQuery\":[\"1\"],\"columns[4].queryType\":[\"EQ\"],\"columns[4].htmlType\":[\"input\"],\"columns[4].dictType\":[\"\"],\"tplCategory\":[\"crud\"],\"packageName\":[\"com.ruoyi.system\"],\"moduleName\":[\"system\"],\"businessName\":[\"cz\"],\"functionName\":[\"充值\"],\"params[parentMenuId]\":[\"2000\"],\"params[parentMenuName]\":[\"使用校园卡\"],\"gen','{\"msg\":\"操作成功\",\"code\":0}',0,NULL,'2023-07-03 10:08:22',78),(221,'代码生成',2,'com.ruoyi.generator.controller.GenController.synchDb()','GET',1,'admin','研发部门','/tool/gen/synchDb/cz_table','127.0.0.1','内网IP','\"cz_table\"','{\"msg\":\"操作成功\",\"code\":0}',0,NULL,'2023-07-03 10:08:26',91),(222,'代码生成',2,'com.ruoyi.generator.controller.GenController.editSave()','POST',1,'admin','研发部门','/tool/gen/edit','127.0.0.1','内网IP','{\"tableId\":[\"16\"],\"tableName\":[\"cz_table\"],\"tableComment\":[\"充值表\"],\"className\":[\"CzTable\"],\"functionAuthor\":[\"ruoyi\"],\"remark\":[\"\"],\"columns[0].columnId\":[\"98\"],\"columns[0].sort\":[\"1\"],\"columns[0].columnComment\":[\"充值序号\"],\"columns[0].javaType\":[\"Long\"],\"columns[0].javaField\":[\"RID\"],\"columns[0].isInsert\":[\"1\"],\"columns[0].queryType\":[\"EQ\"],\"columns[0].htmlType\":[\"input\"],\"columns[0].dictType\":[\"\"],\"columns[1].columnId\":[\"99\"],\"columns[1].sort\":[\"2\"],\"columns[1].columnComment\":[\"机器编号\"],\"columns[1].javaType\":[\"String\"],\"columns[1].javaField\":[\"ID\"],\"columns[1].isInsert\":[\"1\"],\"columns[1].isEdit\":[\"1\"],\"columns[1].isList\":[\"1\"],\"columns[1].isQuery\":[\"1\"],\"columns[1].queryType\":[\"EQ\"],\"columns[1].htmlType\":[\"input\"],\"columns[1].dictType\":[\"\"],\"columns[2].columnId\":[\"100\"],\"columns[2].sort\":[\"3\"],\"columns[2].columnComment\":[\"充值金额\"],\"columns[2].javaType\":[\"Double\"],\"columns[2].javaField\":[\"Amount\"],\"columns[2].isInsert\":[\"1\"],\"columns[2].isEdit\":[\"1\"],\"columns[2].isList\":[\"1\"],\"columns[2].isQuery\":[\"1\"],\"columns[2].queryType\":[\"EQ\"],\"columns[2].htmlType\":[\"input\"],\"columns[2].dictType\":[\"\"],\"columns[3].columnId\":[\"101\"],\"columns[3].sort\":[\"4\"],\"columns[3].columnComment\":[\"充值时间\"],\"columns[3].javaType\":[\"Date\"],\"columns[3].javaField\":[\"Time\"],\"columns[3].isInsert\":[\"1\"],\"columns[3].isEdit\":[\"1\"],\"columns[3].isList\":[\"1\"],\"columns[3].isQuery\":[\"1\"],\"columns[3].queryType\":[\"EQ\"],\"columns[3].htmlType\":[\"datetime\"],\"columns[3].dictType\":[\"\"],\"columns[4].columnId\":[\"102\"],\"columns[4].sort\":[\"5\"],\"columns[4].columnComment\":[\"卡号\"],\"columns[4].javaType\":[\"String\"],\"columns[4].javaField\":[\"CardID\"],\"columns[4].isInsert\":[\"1\"],\"columns[4].isEdit\":[\"1\"],\"columns[4].isList\":[\"1\"],\"columns[4].isQuery\":[\"1\"],\"columns[4].queryType\":[\"EQ\"],\"columns[4].htmlType\":[\"input\"],\"columns[4].dictType\":[\"\"],\"tplCategory\":[\"crud\"],\"packageName\":[\"com.ruoyi.system\"],\"moduleName\":[\"system\"],\"businessName\":[\"cz\"],\"functionName\":[\"充值\"],\"params[parentMenuId]\":[\"2000\"],\"params[parentMenuName]\":[\"使用校园卡\"],\"gen','{\"msg\":\"操作成功\",\"code\":0}',0,NULL,'2023-07-03 10:09:03',43),(223,'充值',1,'com.ruoyi.web.controller.system.CzTableController.addSave()','POST',1,'admin','研发部门','/system/cz/add','127.0.0.1','内网IP','{\"ID\":[\"123\"],\"Amount\":[\"123\"],\"Time\":[\"2023-07-03\"],\"CardID\":[\"123\"]}','{\"msg\":\"操作成功\",\"code\":0}',0,NULL,'2023-07-03 10:09:24',13),(224,'代码生成',2,'com.ruoyi.generator.controller.GenController.synchDb()','GET',1,'admin','研发部门','/tool/gen/synchDb/cz_table','127.0.0.1','内网IP','\"cz_table\"','{\"msg\":\"操作成功\",\"code\":0}',0,NULL,'2023-07-03 10:12:39',243),(225,'代码生成',2,'com.ruoyi.generator.controller.GenController.synchDb()','GET',1,'admin','研发部门','/tool/gen/synchDb/card','127.0.0.1','内网IP','\"card\"','{\"msg\":\"操作成功\",\"code\":0}',0,NULL,'2023-07-03 10:13:02',59),(226,'充值',3,'com.ruoyi.web.controller.system.CzTableController.remove()','POST',1,'admin','研发部门','/system/cz/remove','127.0.0.1','内网IP','{\"ids\":[\"undefined\"]}',NULL,1,'\r\n### Error updating database.  Cause: com.mysql.cj.jdbc.exceptions.MysqlDataTruncation: Data truncation: Truncated incorrect DOUBLE value: \'undefined\'\r\n### The error may exist in file [D:\\JavaWeb\\RuoYi-master\\ruoyi-system\\target\\classes\\mapper\\system\\CzTableMapper.xml]\r\n### The error may involve com.ruoyi.system.mapper.CzTableMapper.deleteCzTableByRIDs-Inline\r\n### The error occurred while setting parameters\r\n### SQL: delete from cz_table where RID in           (               ?          )\r\n### Cause: com.mysql.cj.jdbc.exceptions.MysqlDataTruncation: Data truncation: Truncated incorrect DOUBLE value: \'undefined\'\n; Data truncation: Truncated incorrect DOUBLE value: \'undefined\'; nested exception is com.mysql.cj.jdbc.exceptions.MysqlDataTruncation: Data truncation: Truncated incorrect DOUBLE value: \'undefined\'','2023-07-03 10:14:34',65),(227,'充值',3,'com.ruoyi.web.controller.system.CzTableController.remove()','POST',1,'admin','研发部门','/system/cz/remove','127.0.0.1','内网IP','{\"ids\":[\"undefined\"]}',NULL,1,'\r\n### Error updating database.  Cause: com.mysql.cj.jdbc.exceptions.MysqlDataTruncation: Data truncation: Truncated incorrect DOUBLE value: \'undefined\'\r\n### The error may exist in file [D:\\JavaWeb\\RuoYi-master\\ruoyi-system\\target\\classes\\mapper\\system\\CzTableMapper.xml]\r\n### The error may involve com.ruoyi.system.mapper.CzTableMapper.deleteCzTableByRIDs-Inline\r\n### The error occurred while setting parameters\r\n### SQL: delete from cz_table where RID in           (               ?          )\r\n### Cause: com.mysql.cj.jdbc.exceptions.MysqlDataTruncation: Data truncation: Truncated incorrect DOUBLE value: \'undefined\'\n; Data truncation: Truncated incorrect DOUBLE value: \'undefined\'; nested exception is com.mysql.cj.jdbc.exceptions.MysqlDataTruncation: Data truncation: Truncated incorrect DOUBLE value: \'undefined\'','2023-07-03 10:26:52',127),(228,'代码生成',2,'com.ruoyi.generator.controller.GenController.editSave()','POST',1,'admin','研发部门','/tool/gen/edit','127.0.0.1','内网IP','{\"tableId\":[\"16\"],\"tableName\":[\"cz_table\"],\"tableComment\":[\"充值表\"],\"className\":[\"CzTable\"],\"functionAuthor\":[\"ruoyi\"],\"remark\":[\"\"],\"columns[0].columnId\":[\"98\"],\"columns[0].sort\":[\"1\"],\"columns[0].columnComment\":[\"充值序号\"],\"columns[0].javaType\":[\"Long\"],\"columns[0].javaField\":[\"RID\"],\"columns[0].isInsert\":[\"1\"],\"columns[0].queryType\":[\"EQ\"],\"columns[0].htmlType\":[\"input\"],\"columns[0].dictType\":[\"\"],\"columns[1].columnId\":[\"99\"],\"columns[1].sort\":[\"2\"],\"columns[1].columnComment\":[\"机器编号\"],\"columns[1].javaType\":[\"String\"],\"columns[1].javaField\":[\"ID\"],\"columns[1].isInsert\":[\"1\"],\"columns[1].isEdit\":[\"1\"],\"columns[1].isList\":[\"1\"],\"columns[1].isQuery\":[\"1\"],\"columns[1].queryType\":[\"EQ\"],\"columns[1].htmlType\":[\"input\"],\"columns[1].dictType\":[\"\"],\"columns[2].columnId\":[\"100\"],\"columns[2].sort\":[\"3\"],\"columns[2].columnComment\":[\"充值金额\"],\"columns[2].javaType\":[\"String\"],\"columns[2].javaField\":[\"Amount\"],\"columns[2].isInsert\":[\"1\"],\"columns[2].isEdit\":[\"1\"],\"columns[2].isList\":[\"1\"],\"columns[2].isQuery\":[\"1\"],\"columns[2].queryType\":[\"EQ\"],\"columns[2].htmlType\":[\"input\"],\"columns[2].dictType\":[\"\"],\"columns[3].columnId\":[\"101\"],\"columns[3].sort\":[\"4\"],\"columns[3].columnComment\":[\"充值时间\"],\"columns[3].javaType\":[\"Date\"],\"columns[3].javaField\":[\"Time\"],\"columns[3].isInsert\":[\"1\"],\"columns[3].isEdit\":[\"1\"],\"columns[3].isList\":[\"1\"],\"columns[3].isQuery\":[\"1\"],\"columns[3].queryType\":[\"EQ\"],\"columns[3].htmlType\":[\"datetime\"],\"columns[3].dictType\":[\"\"],\"columns[4].columnId\":[\"102\"],\"columns[4].sort\":[\"5\"],\"columns[4].columnComment\":[\"卡号\"],\"columns[4].javaType\":[\"String\"],\"columns[4].javaField\":[\"CardID\"],\"columns[4].isInsert\":[\"1\"],\"columns[4].isEdit\":[\"1\"],\"columns[4].isList\":[\"1\"],\"columns[4].isQuery\":[\"1\"],\"columns[4].queryType\":[\"EQ\"],\"columns[4].htmlType\":[\"input\"],\"columns[4].dictType\":[\"\"],\"tplCategory\":[\"crud\"],\"packageName\":[\"com.ruoyi.system\"],\"moduleName\":[\"system\"],\"businessName\":[\"cz\"],\"functionName\":[\"充值\"],\"params[parentMenuId]\":[\"2000\"],\"params[parentMenuName]\":[\"使用校园卡\"],\"gen','{\"msg\":\"操作成功\",\"code\":0}',0,NULL,'2023-07-03 10:27:16',82),(229,'代码生成',8,'com.ruoyi.generator.controller.GenController.download()','GET',1,'admin','研发部门','/tool/gen/download/cz_table','127.0.0.1','内网IP','\"cz_table\"',NULL,0,NULL,'2023-07-03 10:27:19',406),(230,'代码生成',8,'com.ruoyi.generator.controller.GenController.download()','GET',1,'admin','研发部门','/tool/gen/download/cz_table','127.0.0.1','内网IP','\"cz_table\"',NULL,0,NULL,'2023-07-03 10:27:24',103),(231,'充值',3,'com.ruoyi.web.controller.system.CzTableController.remove()','POST',1,'admin','研发部门','/system/cz/remove','127.0.0.1','内网IP','{\"ids\":[\"undefined\"]}',NULL,1,'\r\n### Error updating database.  Cause: com.mysql.cj.jdbc.exceptions.MysqlDataTruncation: Data truncation: Truncated incorrect DOUBLE value: \'undefined\'\r\n### The error may exist in file [D:\\JavaWeb\\RuoYi-master\\ruoyi-system\\target\\classes\\mapper\\system\\CzTableMapper.xml]\r\n### The error may involve com.ruoyi.system.mapper.CzTableMapper.deleteCzTableByRIDs-Inline\r\n### The error occurred while setting parameters\r\n### SQL: delete from cz_table where RID in           (               ?          )\r\n### Cause: com.mysql.cj.jdbc.exceptions.MysqlDataTruncation: Data truncation: Truncated incorrect DOUBLE value: \'undefined\'\n; Data truncation: Truncated incorrect DOUBLE value: \'undefined\'; nested exception is com.mysql.cj.jdbc.exceptions.MysqlDataTruncation: Data truncation: Truncated incorrect DOUBLE value: \'undefined\'','2023-07-05 15:30:56',99),(232,'充值',3,'com.ruoyi.web.controller.system.CzTableController.remove()','POST',1,'admin','研发部门','/system/cz/remove','127.0.0.1','内网IP','{\"ids\":[\"undefined\"]}',NULL,1,'\r\n### Error updating database.  Cause: com.mysql.cj.jdbc.exceptions.MysqlDataTruncation: Data truncation: Truncated incorrect DOUBLE value: \'undefined\'\r\n### The error may exist in file [D:\\JavaWeb\\RuoYi-master\\ruoyi-system\\target\\classes\\mapper\\system\\CzTableMapper.xml]\r\n### The error may involve com.ruoyi.system.mapper.CzTableMapper.deleteCzTableByRIDs-Inline\r\n### The error occurred while setting parameters\r\n### SQL: delete from cz_table where RID in           (               ?          )\r\n### Cause: com.mysql.cj.jdbc.exceptions.MysqlDataTruncation: Data truncation: Truncated incorrect DOUBLE value: \'undefined\'\n; Data truncation: Truncated incorrect DOUBLE value: \'undefined\'; nested exception is com.mysql.cj.jdbc.exceptions.MysqlDataTruncation: Data truncation: Truncated incorrect DOUBLE value: \'undefined\'','2023-07-05 15:31:51',4),(233,'校园卡信息',1,'com.ruoyi.web.controller.system.CardController.addSave()','POST',1,'admin','研发部门','/system/card/add','127.0.0.1','内网IP','{\"cardId\":[\"123\"],\"cardName\":[\"124312\"]}','{\"msg\":\"新增卡号 \'123\' 失败，卡号已存在！\",\"code\":500}',0,NULL,'2023-07-05 15:32:06',9),(234,'菜单管理',3,'com.ruoyi.web.controller.system.SysMenuController.remove()','GET',1,'admin','研发部门','/system/menu/remove/4','127.0.0.1','内网IP','4','{\"msg\":\"操作成功\",\"code\":0}',0,NULL,'2023-07-05 15:34:26',40),(235,'菜单管理',2,'com.ruoyi.web.controller.system.SysMenuController.editSave()','POST',1,'admin','研发部门','/system/menu/edit','127.0.0.1','内网IP','{\"menuId\":[\"2007\"],\"parentId\":[\"2006\"],\"menuType\":[\"F\"],\"menuName\":[\"充值记录添加\"],\"url\":[\"#\"],\"target\":[\"menuItem\"],\"perms\":[\"system:cz:add\"],\"orderNum\":[\"1\"],\"icon\":[\"#\"],\"visible\":[\"0\"],\"isRefresh\":[\"1\"]}','{\"msg\":\"操作成功\",\"code\":0}',0,NULL,'2023-07-05 15:34:41',13),(236,'充值',3,'com.ruoyi.web.controller.system.CzTableController.remove()','POST',1,'admin','研发部门','/system/cz/remove','127.0.0.1','内网IP','{\"ids\":[\"undefined\"]}',NULL,1,'\r\n### Error updating database.  Cause: com.mysql.cj.jdbc.exceptions.MysqlDataTruncation: Data truncation: Truncated incorrect DOUBLE value: \'undefined\'\r\n### The error may exist in file [D:\\JavaWeb\\RuoYi-master\\ruoyi-system\\target\\classes\\mapper\\system\\CzTableMapper.xml]\r\n### The error may involve com.ruoyi.system.mapper.CzTableMapper.deleteCzTableByRIDs-Inline\r\n### The error occurred while setting parameters\r\n### SQL: delete from cz_table where RID in           (               ?          )\r\n### Cause: com.mysql.cj.jdbc.exceptions.MysqlDataTruncation: Data truncation: Truncated incorrect DOUBLE value: \'undefined\'\n; Data truncation: Truncated incorrect DOUBLE value: \'undefined\'; nested exception is com.mysql.cj.jdbc.exceptions.MysqlDataTruncation: Data truncation: Truncated incorrect DOUBLE value: \'undefined\'','2023-07-05 15:34:53',5),(237,'代码生成',2,'com.ruoyi.generator.controller.GenController.synchDb()','GET',1,'admin','研发部门','/tool/gen/synchDb/cz_table','127.0.0.1','内网IP','\"cz_table\"','{\"msg\":\"操作成功\",\"code\":0}',0,NULL,'2023-07-05 15:35:19',301),(238,'充值',3,'com.ruoyi.web.controller.system.CzTableController.remove()','POST',1,'admin','研发部门','/system/cz/remove','127.0.0.1','内网IP','{\"ids\":[\"undefined\"]}',NULL,1,'\r\n### Error updating database.  Cause: com.mysql.cj.jdbc.exceptions.MysqlDataTruncation: Data truncation: Truncated incorrect DOUBLE value: \'undefined\'\r\n### The error may exist in file [D:\\JavaWeb\\RuoYi-master\\ruoyi-system\\target\\classes\\mapper\\system\\CzTableMapper.xml]\r\n### The error may involve com.ruoyi.system.mapper.CzTableMapper.deleteCzTableByRIDs-Inline\r\n### The error occurred while setting parameters\r\n### SQL: delete from cz_table where RID in           (               ?          )\r\n### Cause: com.mysql.cj.jdbc.exceptions.MysqlDataTruncation: Data truncation: Truncated incorrect DOUBLE value: \'undefined\'\n; Data truncation: Truncated incorrect DOUBLE value: \'undefined\'; nested exception is com.mysql.cj.jdbc.exceptions.MysqlDataTruncation: Data truncation: Truncated incorrect DOUBLE value: \'undefined\'','2023-07-05 15:36:38',6),(239,'菜单管理',3,'com.ruoyi.web.controller.system.SysMenuController.remove()','GET',1,'admin','研发部门','/system/menu/remove/2006','127.0.0.1','内网IP','2006','{\"msg\":\"存在子菜单,不允许删除\",\"code\":301}',0,NULL,'2023-07-05 15:36:47',3),(240,'菜单管理',3,'com.ruoyi.web.controller.system.SysMenuController.remove()','GET',1,'admin','研发部门','/system/menu/remove/2007','127.0.0.1','内网IP','2007','{\"msg\":\"操作成功\",\"code\":0}',0,NULL,'2023-07-05 15:36:52',13),(241,'菜单管理',3,'com.ruoyi.web.controller.system.SysMenuController.remove()','GET',1,'admin','研发部门','/system/menu/remove/2009','127.0.0.1','内网IP','2009','{\"msg\":\"操作成功\",\"code\":0}',0,NULL,'2023-07-05 15:37:02',18),(242,'菜单管理',3,'com.ruoyi.web.controller.system.SysMenuController.remove()','GET',1,'admin','研发部门','/system/menu/remove/2008','127.0.0.1','内网IP','2008','{\"msg\":\"操作成功\",\"code\":0}',0,NULL,'2023-07-05 15:37:07',33),(243,'菜单管理',3,'com.ruoyi.web.controller.system.SysMenuController.remove()','GET',1,'admin','研发部门','/system/menu/remove/2010','127.0.0.1','内网IP','2010','{\"msg\":\"操作成功\",\"code\":0}',0,NULL,'2023-07-05 15:37:11',15),(244,'菜单管理',3,'com.ruoyi.web.controller.system.SysMenuController.remove()','GET',1,'admin','研发部门','/system/menu/remove/2006','127.0.0.1','内网IP','2006','{\"msg\":\"操作成功\",\"code\":0}',0,NULL,'2023-07-05 15:37:15',12),(245,'菜单管理',1,'com.ruoyi.web.controller.system.SysMenuController.addSave()','POST',1,'admin','研发部门','/system/menu/add','127.0.0.1','内网IP','{\"parentId\":[\"0\"],\"menuType\":[\"C\"],\"menuName\":[\"充值\"],\"url\":[\"\"],\"target\":[\"menuItem\"],\"perms\":[\"system:cz:view\"],\"orderNum\":[\"7\"],\"icon\":[\"fa fa-cart-plus\"],\"visible\":[\"0\"],\"isRefresh\":[\"1\"]}','{\"msg\":\"操作成功\",\"code\":0}',0,NULL,'2023-07-05 15:38:48',12),(246,'菜单管理',1,'com.ruoyi.web.controller.system.SysMenuController.addSave()','POST',1,'admin','研发部门','/system/menu/add','127.0.0.1','内网IP','{\"parentId\":[\"2011\"],\"menuType\":[\"F\"],\"menuName\":[\"充值记录查询\"],\"url\":[\"\"],\"target\":[\"menuItem\"],\"perms\":[\"system:cz:list\"],\"orderNum\":[\"1\"],\"icon\":[\"\"],\"visible\":[\"0\"],\"isRefresh\":[\"1\"]}','{\"msg\":\"操作成功\",\"code\":0}',0,NULL,'2023-07-05 15:39:29',14),(247,'菜单管理',2,'com.ruoyi.web.controller.system.SysMenuController.editSave()','POST',1,'admin','研发部门','/system/menu/edit','127.0.0.1','内网IP','{\"menuId\":[\"2011\"],\"parentId\":[\"0\"],\"menuType\":[\"C\"],\"menuName\":[\"充值\"],\"url\":[\"/system/cz\"],\"target\":[\"menuItem\"],\"perms\":[\"system:cz:view\"],\"orderNum\":[\"7\"],\"icon\":[\"fa fa-cart-plus\"],\"visible\":[\"0\"],\"isRefresh\":[\"1\"]}','{\"msg\":\"操作成功\",\"code\":0}',0,NULL,'2023-07-05 15:40:05',14),(248,'菜单管理',2,'com.ruoyi.web.controller.system.SysMenuController.editSave()','POST',1,'admin','研发部门','/system/menu/edit','127.0.0.1','内网IP','{\"menuId\":[\"2002\"],\"parentId\":[\"2001\"],\"menuType\":[\"F\"],\"menuName\":[\"校园卡添加\"],\"url\":[\"#\"],\"target\":[\"menuItem\"],\"perms\":[\"\"],\"orderNum\":[\"1\"],\"icon\":[\"#\"],\"visible\":[\"0\"],\"isRefresh\":[\"1\"]}','{\"msg\":\"操作成功\",\"code\":0}',0,NULL,'2023-07-05 15:41:03',15),(249,'菜单管理',2,'com.ruoyi.web.controller.system.SysMenuController.editSave()','POST',1,'admin','研发部门','/system/menu/edit','127.0.0.1','内网IP','{\"menuId\":[\"2002\"],\"parentId\":[\"2001\"],\"menuType\":[\"F\"],\"menuName\":[\"校园卡添加\"],\"url\":[\"#\"],\"target\":[\"menuItem\"],\"perms\":[\"system:card:add\"],\"orderNum\":[\"1\"],\"icon\":[\"#\"],\"visible\":[\"0\"],\"isRefresh\":[\"1\"]}','{\"msg\":\"操作成功\",\"code\":0}',0,NULL,'2023-07-05 15:41:27',13),(250,'充值',1,'com.ruoyi.web.controller.system.CzTableController.addSave()','POST',1,'admin','研发部门','/system/cz/add','127.0.0.1','内网IP','{\"ID\":[\"1\"],\"Amount\":[\"123\"],\"Time\":[\"2023-07-05\"],\"CardID\":[\"123\"]}','{\"msg\":\"操作成功\",\"code\":0}',0,NULL,'2023-07-05 15:43:51',68),(251,'代码生成',3,'com.ruoyi.generator.controller.GenController.remove()','POST',1,'admin','研发部门','/tool/gen/remove','127.0.0.1','内网IP','{\"ids\":[\"16\"]}','{\"msg\":\"操作成功\",\"code\":0}',0,NULL,'2023-07-05 15:44:13',29),(252,'代码生成',6,'com.ruoyi.generator.controller.GenController.importTableSave()','POST',1,'admin','研发部门','/tool/gen/importTable','127.0.0.1','内网IP','{\"tables\":[\"cz_table\"]}','{\"msg\":\"操作成功\",\"code\":0}',0,NULL,'2023-07-05 15:44:18',78),(253,'充值',3,'com.ruoyi.web.controller.system.CzTableController.remove()','POST',1,'admin','研发部门','/system/cz/remove','127.0.0.1','内网IP','{\"ids\":[\"undefined\"]}',NULL,1,'\r\n### Error updating database.  Cause: com.mysql.cj.jdbc.exceptions.MysqlDataTruncation: Data truncation: Truncated incorrect DOUBLE value: \'undefined\'\r\n### The error may exist in file [D:\\JavaWeb\\RuoYi-master\\ruoyi-system\\target\\classes\\mapper\\system\\CzTableMapper.xml]\r\n### The error may involve com.ruoyi.system.mapper.CzTableMapper.deleteCzTableByRIDs-Inline\r\n### The error occurred while setting parameters\r\n### SQL: delete from cz_table where RID in           (               ?          )\r\n### Cause: com.mysql.cj.jdbc.exceptions.MysqlDataTruncation: Data truncation: Truncated incorrect DOUBLE value: \'undefined\'\n; Data truncation: Truncated incorrect DOUBLE value: \'undefined\'; nested exception is com.mysql.cj.jdbc.exceptions.MysqlDataTruncation: Data truncation: Truncated incorrect DOUBLE value: \'undefined\'','2023-07-05 15:45:32',50),(254,'充值',3,'com.ruoyi.web.controller.system.CzTableController.remove()','POST',1,'admin','研发部门','/system/cz/remove','127.0.0.1','内网IP','{\"ids\":[\"undefined\"]}',NULL,1,'\r\n### Error updating database.  Cause: com.mysql.cj.jdbc.exceptions.MysqlDataTruncation: Data truncation: Truncated incorrect DOUBLE value: \'undefined\'\r\n### The error may exist in file [D:\\JavaWeb\\RuoYi-master\\ruoyi-system\\target\\classes\\mapper\\system\\CzTableMapper.xml]\r\n### The error may involve com.ruoyi.system.mapper.CzTableMapper.deleteCzTableByRIDs-Inline\r\n### The error occurred while setting parameters\r\n### SQL: delete from cz_table where RID in           (               ?          )\r\n### Cause: com.mysql.cj.jdbc.exceptions.MysqlDataTruncation: Data truncation: Truncated incorrect DOUBLE value: \'undefined\'\n; Data truncation: Truncated incorrect DOUBLE value: \'undefined\'; nested exception is com.mysql.cj.jdbc.exceptions.MysqlDataTruncation: Data truncation: Truncated incorrect DOUBLE value: \'undefined\'','2023-07-05 15:46:25',3),(255,'代码生成',2,'com.ruoyi.generator.controller.GenController.synchDb()','GET',1,'admin','研发部门','/tool/gen/synchDb/cz_table','127.0.0.1','内网IP','\"cz_table\"','{\"msg\":\"操作成功\",\"code\":0}',0,NULL,'2023-07-05 16:02:35',57),(256,'充值',1,'com.ruoyi.web.controller.system.CzTableController.addSave()','POST',1,'admin','研发部门','/system/cz/add','127.0.0.1','内网IP','{\"ID\":[\"123\"],\"Amount\":[\"123\"],\"Time\":[\"2023-07-05\"],\"CardID\":[\"123\"]}','{\"msg\":\"操作成功\",\"code\":0}',0,NULL,'2023-07-05 16:12:46',74),(257,'代码生成',2,'com.ruoyi.generator.controller.GenController.synchDb()','GET',1,'admin','研发部门','/tool/gen/synchDb/cz_table','127.0.0.1','内网IP','\"cz_table\"','{\"msg\":\"操作成功\",\"code\":0}',0,NULL,'2023-07-05 16:13:08',77),(258,'代码生成',2,'com.ruoyi.generator.controller.GenController.editSave()','POST',1,'admin','研发部门','/tool/gen/edit','127.0.0.1','内网IP','{\"tableId\":[\"17\"],\"tableName\":[\"cz_table\"],\"tableComment\":[\"充值记录表\"],\"className\":[\"CzTable\"],\"functionAuthor\":[\"ruoyi\"],\"remark\":[\"\"],\"columns[0].columnId\":[\"103\"],\"columns[0].sort\":[\"1\"],\"columns[0].columnComment\":[\"充值序号\"],\"columns[0].javaType\":[\"Long\"],\"columns[0].javaField\":[\"RID\"],\"columns[0].isInsert\":[\"1\"],\"columns[0].queryType\":[\"EQ\"],\"columns[0].htmlType\":[\"input\"],\"columns[0].dictType\":[\"\"],\"columns[1].columnId\":[\"104\"],\"columns[1].sort\":[\"2\"],\"columns[1].columnComment\":[\"机器编号\"],\"columns[1].javaType\":[\"String\"],\"columns[1].javaField\":[\"ID\"],\"columns[1].isInsert\":[\"1\"],\"columns[1].isEdit\":[\"1\"],\"columns[1].isList\":[\"1\"],\"columns[1].isQuery\":[\"1\"],\"columns[1].queryType\":[\"EQ\"],\"columns[1].isRequired\":[\"1\"],\"columns[1].htmlType\":[\"select\"],\"columns[1].dictType\":[\"\"],\"columns[2].columnId\":[\"105\"],\"columns[2].sort\":[\"3\"],\"columns[2].columnComment\":[\"充值金额\"],\"columns[2].javaType\":[\"Long\"],\"columns[2].javaField\":[\"Amount\"],\"columns[2].isInsert\":[\"1\"],\"columns[2].isEdit\":[\"1\"],\"columns[2].isList\":[\"1\"],\"columns[2].isQuery\":[\"1\"],\"columns[2].queryType\":[\"EQ\"],\"columns[2].isRequired\":[\"1\"],\"columns[2].htmlType\":[\"select\"],\"columns[2].dictType\":[\"\"],\"columns[3].columnId\":[\"106\"],\"columns[3].sort\":[\"4\"],\"columns[3].columnComment\":[\"充值时间\"],\"columns[3].javaType\":[\"Date\"],\"columns[3].javaField\":[\"Time\"],\"columns[3].isInsert\":[\"1\"],\"columns[3].isEdit\":[\"1\"],\"columns[3].isList\":[\"1\"],\"columns[3].isQuery\":[\"1\"],\"columns[3].queryType\":[\"EQ\"],\"columns[3].isRequired\":[\"1\"],\"columns[3].htmlType\":[\"datetime\"],\"columns[3].dictType\":[\"\"],\"columns[4].columnId\":[\"107\"],\"columns[4].sort\":[\"5\"],\"columns[4].columnComment\":[\"卡号\"],\"columns[4].javaType\":[\"String\"],\"columns[4].javaField\":[\"CardID\"],\"columns[4].isInsert\":[\"1\"],\"columns[4].isEdit\":[\"1\"],\"columns[4].isList\":[\"1\"],\"columns[4].isQuery\":[\"1\"],\"columns[4].queryType\":[\"EQ\"],\"columns[4].isRequired\":[\"1\"],\"columns[4].htmlType\":[\"input\"],\"columns[4].dictType\":[\"\"],\"tplCategory\":[\"crud\"],\"packageName\":[\"com.ruoyi.web\"],\"moduleName\":[\"sys','{\"msg\":\"操作成功\",\"code\":0}',0,NULL,'2023-07-05 16:14:57',27),(259,'代码生成',8,'com.ruoyi.generator.controller.GenController.download()','GET',1,'admin','研发部门','/tool/gen/download/cz_table','127.0.0.1','内网IP','\"cz_table\"',NULL,0,NULL,'2023-07-05 16:15:01',187),(260,'代码生成',8,'com.ruoyi.generator.controller.GenController.download()','GET',1,'admin','研发部门','/tool/gen/download/cz_table','127.0.0.1','内网IP','\"cz_table\"',NULL,0,NULL,'2023-07-05 16:15:04',81),(261,'代码生成',2,'com.ruoyi.generator.controller.GenController.editSave()','POST',1,'admin','研发部门','/tool/gen/edit','127.0.0.1','内网IP','{\"tableId\":[\"17\"],\"tableName\":[\"cz_table\"],\"tableComment\":[\"充值记录表\"],\"className\":[\"CzTable\"],\"functionAuthor\":[\"ruoyi\"],\"remark\":[\"\"],\"columns[0].columnId\":[\"103\"],\"columns[0].sort\":[\"1\"],\"columns[0].columnComment\":[\"充值序号\"],\"columns[0].javaType\":[\"Long\"],\"columns[0].javaField\":[\"RID\"],\"columns[0].isInsert\":[\"1\"],\"columns[0].queryType\":[\"EQ\"],\"columns[0].htmlType\":[\"input\"],\"columns[0].dictType\":[\"\"],\"columns[1].columnId\":[\"104\"],\"columns[1].sort\":[\"2\"],\"columns[1].columnComment\":[\"机器编号\"],\"columns[1].javaType\":[\"String\"],\"columns[1].javaField\":[\"ID\"],\"columns[1].isInsert\":[\"1\"],\"columns[1].isEdit\":[\"1\"],\"columns[1].isList\":[\"1\"],\"columns[1].isQuery\":[\"1\"],\"columns[1].queryType\":[\"EQ\"],\"columns[1].isRequired\":[\"1\"],\"columns[1].htmlType\":[\"select\"],\"columns[1].dictType\":[\"\"],\"columns[2].columnId\":[\"105\"],\"columns[2].sort\":[\"3\"],\"columns[2].columnComment\":[\"充值金额\"],\"columns[2].javaType\":[\"Long\"],\"columns[2].javaField\":[\"Amount\"],\"columns[2].isInsert\":[\"1\"],\"columns[2].isEdit\":[\"1\"],\"columns[2].isList\":[\"1\"],\"columns[2].isQuery\":[\"1\"],\"columns[2].queryType\":[\"EQ\"],\"columns[2].isRequired\":[\"1\"],\"columns[2].htmlType\":[\"select\"],\"columns[2].dictType\":[\"\"],\"columns[3].columnId\":[\"106\"],\"columns[3].sort\":[\"4\"],\"columns[3].columnComment\":[\"充值时间\"],\"columns[3].javaType\":[\"Date\"],\"columns[3].javaField\":[\"Time\"],\"columns[3].isInsert\":[\"1\"],\"columns[3].isEdit\":[\"1\"],\"columns[3].isList\":[\"1\"],\"columns[3].isQuery\":[\"1\"],\"columns[3].queryType\":[\"EQ\"],\"columns[3].isRequired\":[\"1\"],\"columns[3].htmlType\":[\"datetime\"],\"columns[3].dictType\":[\"\"],\"columns[4].columnId\":[\"107\"],\"columns[4].sort\":[\"5\"],\"columns[4].columnComment\":[\"卡号\"],\"columns[4].javaType\":[\"String\"],\"columns[4].javaField\":[\"CardID\"],\"columns[4].isInsert\":[\"1\"],\"columns[4].isEdit\":[\"1\"],\"columns[4].isList\":[\"1\"],\"columns[4].isQuery\":[\"1\"],\"columns[4].queryType\":[\"EQ\"],\"columns[4].isRequired\":[\"1\"],\"columns[4].htmlType\":[\"input\"],\"columns[4].dictType\":[\"\"],\"tplCategory\":[\"crud\"],\"packageName\":[\"com.ruoyi.syste\"],\"moduleName\":[\"s','{\"msg\":\"操作成功\",\"code\":0}',0,NULL,'2023-07-05 16:19:10',51),(262,'代码生成',8,'com.ruoyi.generator.controller.GenController.download()','GET',1,'admin','研发部门','/tool/gen/download/cz_table','127.0.0.1','内网IP','\"cz_table\"',NULL,0,NULL,'2023-07-05 16:19:15',153),(263,'代码生成',8,'com.ruoyi.generator.controller.GenController.download()','GET',1,'admin','研发部门','/tool/gen/download/cz_table','127.0.0.1','内网IP','\"cz_table\"',NULL,0,NULL,'2023-07-05 16:19:17',34),(264,'菜单管理',3,'com.ruoyi.web.controller.system.SysMenuController.remove()','GET',1,'admin','研发部门','/system/menu/remove/2013','127.0.0.1','内网IP','2013','{\"msg\":\"存在子菜单,不允许删除\",\"code\":301}',0,NULL,'2023-07-05 16:20:15',6),(265,'菜单管理',3,'com.ruoyi.web.controller.system.SysMenuController.remove()','GET',1,'admin','研发部门','/system/menu/remove/2014','127.0.0.1','内网IP','2014','{\"msg\":\"操作成功\",\"code\":0}',0,NULL,'2023-07-05 16:20:20',32),(266,'菜单管理',2,'com.ruoyi.web.controller.system.SysMenuController.editSave()','POST',1,'admin','研发部门','/system/menu/edit','127.0.0.1','内网IP','{\"menuId\":[\"2013\"],\"parentId\":[\"2011\"],\"menuType\":[\"C\"],\"menuName\":[\"充值\"],\"url\":[\"/system/table\"],\"target\":[\"menuItem\"],\"perms\":[\"system:table:view\"],\"orderNum\":[\"1\"],\"icon\":[\"#\"],\"visible\":[\"0\"],\"isRefresh\":[\"1\"]}','{\"msg\":\"操作成功\",\"code\":0}',0,NULL,'2023-07-05 16:21:06',20),(267,'菜单管理',3,'com.ruoyi.web.controller.system.SysMenuController.remove()','GET',1,'admin','研发部门','/system/menu/remove/2015','127.0.0.1','内网IP','2015','{\"msg\":\"操作成功\",\"code\":0}',0,NULL,'2023-07-05 16:21:13',15),(268,'菜单管理',3,'com.ruoyi.web.controller.system.SysMenuController.remove()','GET',1,'admin','研发部门','/system/menu/remove/2016','127.0.0.1','内网IP','2016','{\"msg\":\"操作成功\",\"code\":0}',0,NULL,'2023-07-05 16:21:20',13),(269,'菜单管理',3,'com.ruoyi.web.controller.system.SysMenuController.remove()','GET',1,'admin','研发部门','/system/menu/remove/2017','127.0.0.1','内网IP','2017','{\"msg\":\"操作成功\",\"code\":0}',0,NULL,'2023-07-05 16:21:26',14),(270,'菜单管理',3,'com.ruoyi.web.controller.system.SysMenuController.remove()','GET',1,'admin','研发部门','/system/menu/remove/2018','127.0.0.1','内网IP','2018','{\"msg\":\"操作成功\",\"code\":0}',0,NULL,'2023-07-05 16:21:33',12),(271,'菜单管理',3,'com.ruoyi.web.controller.system.SysMenuController.remove()','GET',1,'admin','研发部门','/system/menu/remove/2013','127.0.0.1','内网IP','2013','{\"msg\":\"操作成功\",\"code\":0}',0,NULL,'2023-07-05 16:21:40',13),(272,'菜单管理',3,'com.ruoyi.web.controller.system.SysMenuController.remove()','GET',1,'admin','研发部门','/system/menu/remove/2012','127.0.0.1','内网IP','2012','{\"msg\":\"操作成功\",\"code\":0}',0,NULL,'2023-07-05 16:21:44',13),(273,'菜单管理',3,'com.ruoyi.web.controller.system.SysMenuController.remove()','GET',1,'admin','研发部门','/system/menu/remove/2011','127.0.0.1','内网IP','2011','{\"msg\":\"操作成功\",\"code\":0}',0,NULL,'2023-07-05 16:21:48',10),(274,'代码生成',2,'com.ruoyi.generator.controller.GenController.editSave()','POST',1,'admin','研发部门','/tool/gen/edit','127.0.0.1','内网IP','{\"tableId\":[\"17\"],\"tableName\":[\"cz_table\"],\"tableComment\":[\"充值记录表\"],\"className\":[\"CzTable\"],\"functionAuthor\":[\"ruoyi\"],\"remark\":[\"\"],\"columns[0].columnId\":[\"103\"],\"columns[0].sort\":[\"1\"],\"columns[0].columnComment\":[\"充值序号\"],\"columns[0].javaType\":[\"Long\"],\"columns[0].javaField\":[\"RID\"],\"columns[0].isInsert\":[\"1\"],\"columns[0].queryType\":[\"EQ\"],\"columns[0].htmlType\":[\"input\"],\"columns[0].dictType\":[\"\"],\"columns[1].columnId\":[\"104\"],\"columns[1].sort\":[\"2\"],\"columns[1].columnComment\":[\"机器编号\"],\"columns[1].javaType\":[\"String\"],\"columns[1].javaField\":[\"ID\"],\"columns[1].isInsert\":[\"1\"],\"columns[1].isEdit\":[\"1\"],\"columns[1].isList\":[\"1\"],\"columns[1].isQuery\":[\"1\"],\"columns[1].queryType\":[\"EQ\"],\"columns[1].isRequired\":[\"1\"],\"columns[1].htmlType\":[\"select\"],\"columns[1].dictType\":[\"\"],\"columns[2].columnId\":[\"105\"],\"columns[2].sort\":[\"3\"],\"columns[2].columnComment\":[\"充值金额\"],\"columns[2].javaType\":[\"Long\"],\"columns[2].javaField\":[\"Amount\"],\"columns[2].isInsert\":[\"1\"],\"columns[2].isEdit\":[\"1\"],\"columns[2].isList\":[\"1\"],\"columns[2].isQuery\":[\"1\"],\"columns[2].queryType\":[\"EQ\"],\"columns[2].isRequired\":[\"1\"],\"columns[2].htmlType\":[\"select\"],\"columns[2].dictType\":[\"\"],\"columns[3].columnId\":[\"106\"],\"columns[3].sort\":[\"4\"],\"columns[3].columnComment\":[\"充值时间\"],\"columns[3].javaType\":[\"Date\"],\"columns[3].javaField\":[\"Time\"],\"columns[3].isInsert\":[\"1\"],\"columns[3].isEdit\":[\"1\"],\"columns[3].isList\":[\"1\"],\"columns[3].isQuery\":[\"1\"],\"columns[3].queryType\":[\"EQ\"],\"columns[3].isRequired\":[\"1\"],\"columns[3].htmlType\":[\"datetime\"],\"columns[3].dictType\":[\"\"],\"columns[4].columnId\":[\"107\"],\"columns[4].sort\":[\"5\"],\"columns[4].columnComment\":[\"卡号\"],\"columns[4].javaType\":[\"String\"],\"columns[4].javaField\":[\"CardID\"],\"columns[4].isInsert\":[\"1\"],\"columns[4].isEdit\":[\"1\"],\"columns[4].isList\":[\"1\"],\"columns[4].isQuery\":[\"1\"],\"columns[4].queryType\":[\"EQ\"],\"columns[4].isRequired\":[\"1\"],\"columns[4].htmlType\":[\"input\"],\"columns[4].dictType\":[\"\"],\"tplCategory\":[\"crud\"],\"packageName\":[\"com.ruoyi.syste\"],\"moduleName\":[\"s','{\"msg\":\"操作成功\",\"code\":0}',0,NULL,'2023-07-05 16:22:13',21),(275,'代码生成',8,'com.ruoyi.generator.controller.GenController.download()','GET',1,'admin','研发部门','/tool/gen/download/cz_table','127.0.0.1','内网IP','\"cz_table\"',NULL,0,NULL,'2023-07-05 16:22:15',29),(276,'代码生成',8,'com.ruoyi.generator.controller.GenController.download()','GET',1,'admin','研发部门','/tool/gen/download/cz_table','127.0.0.1','内网IP','\"cz_table\"',NULL,0,NULL,'2023-07-05 16:22:16',36),(277,'充值',1,'com.ruoyi.system.controller.CzTableController.addSave()','POST',1,'admin','研发部门','/system/cz/add','127.0.0.1','内网IP','{\"Time\":[\"2023-07-03\"],\"CardID\":[\"123\"]}',NULL,1,'Invalid bound statement (not found): com.ruoyi.system.mapper.CzTableMapper.insertCzTable','2023-07-05 16:32:43',52),(278,'充值',1,'com.ruoyi.system.controller.CzTableController.addSave()','POST',1,'admin','研发部门','/system/cz/add','127.0.0.1','内网IP','{\"Time\":[\"2023-07-03\"],\"CardID\":[\"123\"]}',NULL,1,'Invalid bound statement (not found): com.ruoyi.system.mapper.CzTableMapper.insertCzTable','2023-07-05 16:32:46',0),(279,'代码生成',2,'com.ruoyi.generator.controller.GenController.editSave()','POST',1,'admin','研发部门','/tool/gen/edit','127.0.0.1','内网IP','{\"tableId\":[\"17\"],\"tableName\":[\"cz_table\"],\"tableComment\":[\"充值记录表\"],\"className\":[\"CzTable\"],\"functionAuthor\":[\"ruoyi\"],\"remark\":[\"\"],\"columns[0].columnId\":[\"103\"],\"columns[0].sort\":[\"1\"],\"columns[0].columnComment\":[\"充值序号\"],\"columns[0].javaType\":[\"Long\"],\"columns[0].javaField\":[\"RID\"],\"columns[0].isInsert\":[\"1\"],\"columns[0].queryType\":[\"EQ\"],\"columns[0].htmlType\":[\"input\"],\"columns[0].dictType\":[\"\"],\"columns[1].columnId\":[\"104\"],\"columns[1].sort\":[\"2\"],\"columns[1].columnComment\":[\"机器编号\"],\"columns[1].javaType\":[\"String\"],\"columns[1].javaField\":[\"ID\"],\"columns[1].isInsert\":[\"1\"],\"columns[1].isEdit\":[\"1\"],\"columns[1].isList\":[\"1\"],\"columns[1].isQuery\":[\"1\"],\"columns[1].queryType\":[\"EQ\"],\"columns[1].isRequired\":[\"1\"],\"columns[1].htmlType\":[\"select\"],\"columns[1].dictType\":[\"\"],\"columns[2].columnId\":[\"105\"],\"columns[2].sort\":[\"3\"],\"columns[2].columnComment\":[\"充值金额\"],\"columns[2].javaType\":[\"Long\"],\"columns[2].javaField\":[\"Amount\"],\"columns[2].isInsert\":[\"1\"],\"columns[2].isEdit\":[\"1\"],\"columns[2].isList\":[\"1\"],\"columns[2].isQuery\":[\"1\"],\"columns[2].queryType\":[\"EQ\"],\"columns[2].isRequired\":[\"1\"],\"columns[2].htmlType\":[\"select\"],\"columns[2].dictType\":[\"\"],\"columns[3].columnId\":[\"106\"],\"columns[3].sort\":[\"4\"],\"columns[3].columnComment\":[\"充值时间\"],\"columns[3].javaType\":[\"Date\"],\"columns[3].javaField\":[\"Time\"],\"columns[3].isInsert\":[\"1\"],\"columns[3].isEdit\":[\"1\"],\"columns[3].isList\":[\"1\"],\"columns[3].isQuery\":[\"1\"],\"columns[3].queryType\":[\"EQ\"],\"columns[3].isRequired\":[\"1\"],\"columns[3].htmlType\":[\"datetime\"],\"columns[3].dictType\":[\"\"],\"columns[4].columnId\":[\"107\"],\"columns[4].sort\":[\"5\"],\"columns[4].columnComment\":[\"卡号\"],\"columns[4].javaType\":[\"String\"],\"columns[4].javaField\":[\"CardID\"],\"columns[4].isInsert\":[\"1\"],\"columns[4].isEdit\":[\"1\"],\"columns[4].isList\":[\"1\"],\"columns[4].isQuery\":[\"1\"],\"columns[4].queryType\":[\"EQ\"],\"columns[4].isRequired\":[\"1\"],\"columns[4].htmlType\":[\"input\"],\"columns[4].dictType\":[\"\"],\"tplCategory\":[\"crud\"],\"packageName\":[\"com.ruoyi.system\"],\"moduleName\":[\"','{\"msg\":\"操作成功\",\"code\":0}',0,NULL,'2023-07-05 16:33:23',36),(280,'代码生成',8,'com.ruoyi.generator.controller.GenController.download()','GET',1,'admin','研发部门','/tool/gen/download/cz_table','127.0.0.1','内网IP','\"cz_table\"',NULL,0,NULL,'2023-07-05 16:33:26',130),(281,'代码生成',8,'com.ruoyi.generator.controller.GenController.download()','GET',1,'admin','研发部门','/tool/gen/download/cz_table','127.0.0.1','内网IP','\"cz_table\"',NULL,0,NULL,'2023-07-05 16:33:27',37),(282,'充值',3,'com.ruoyi.web.controller.system.CzTableController.remove()','POST',1,'admin','研发部门','/system/cz/remove','127.0.0.1','内网IP','{\"ids\":[\"undefined\"]}',NULL,1,'\r\n### Error updating database.  Cause: com.mysql.cj.jdbc.exceptions.MysqlDataTruncation: Data truncation: Truncated incorrect DOUBLE value: \'undefined\'\r\n### The error may exist in file [D:\\JavaWeb\\RuoYi-master\\ruoyi-system\\target\\classes\\mapper\\system\\CzTableMapper.xml]\r\n### The error may involve com.ruoyi.system.mapper.CzTableMapper.deleteCzTableByRIDs-Inline\r\n### The error occurred while setting parameters\r\n### SQL: delete from cz_table where RID in           (               ?          )\r\n### Cause: com.mysql.cj.jdbc.exceptions.MysqlDataTruncation: Data truncation: Truncated incorrect DOUBLE value: \'undefined\'\n; Data truncation: Truncated incorrect DOUBLE value: \'undefined\'; nested exception is com.mysql.cj.jdbc.exceptions.MysqlDataTruncation: Data truncation: Truncated incorrect DOUBLE value: \'undefined\'','2023-07-05 16:36:06',101),(283,'充值',3,'com.ruoyi.web.controller.system.CzTableController.remove()','POST',1,'admin','研发部门','/system/cz/remove','127.0.0.1','内网IP','{\"ids\":[\"undefined\"]}',NULL,1,'\r\n### Error updating database.  Cause: com.mysql.cj.jdbc.exceptions.MysqlDataTruncation: Data truncation: Truncated incorrect DOUBLE value: \'undefined\'\r\n### The error may exist in file [D:\\JavaWeb\\RuoYi-master\\ruoyi-system\\target\\classes\\mapper\\system\\CzTableMapper.xml]\r\n### The error may involve com.ruoyi.system.mapper.CzTableMapper.deleteCzTableByRIDs-Inline\r\n### The error occurred while setting parameters\r\n### SQL: delete from cz_table where RID in           (               ?          )\r\n### Cause: com.mysql.cj.jdbc.exceptions.MysqlDataTruncation: Data truncation: Truncated incorrect DOUBLE value: \'undefined\'\n; Data truncation: Truncated incorrect DOUBLE value: \'undefined\'; nested exception is com.mysql.cj.jdbc.exceptions.MysqlDataTruncation: Data truncation: Truncated incorrect DOUBLE value: \'undefined\'','2023-07-05 16:36:35',4),(284,'充值',1,'com.ruoyi.web.controller.system.CzTableController.addSave()','POST',1,'admin','研发部门','/system/cz/add','127.0.0.1','内网IP','{\"Time\":[\"2023-07-05\"],\"CardID\":[\"123\"]}','{\"msg\":\"操作成功\",\"code\":0}',0,NULL,'2023-07-05 16:36:59',15),(285,'充值',3,'com.ruoyi.web.controller.system.CzTableController.remove()','POST',1,'admin','研发部门','/system/cz/remove','127.0.0.1','内网IP','{\"ids\":[\"undefined\"]}',NULL,1,'\r\n### Error updating database.  Cause: com.mysql.cj.jdbc.exceptions.MysqlDataTruncation: Data truncation: Truncated incorrect DOUBLE value: \'undefined\'\r\n### The error may exist in file [D:\\JavaWeb\\RuoYi-master\\ruoyi-system\\target\\classes\\mapper\\system\\CzTableMapper.xml]\r\n### The error may involve com.ruoyi.system.mapper.CzTableMapper.deleteCzTableByRIDs-Inline\r\n### The error occurred while setting parameters\r\n### SQL: delete from cz_table where RID in           (               ?          )\r\n### Cause: com.mysql.cj.jdbc.exceptions.MysqlDataTruncation: Data truncation: Truncated incorrect DOUBLE value: \'undefined\'\n; Data truncation: Truncated incorrect DOUBLE value: \'undefined\'; nested exception is com.mysql.cj.jdbc.exceptions.MysqlDataTruncation: Data truncation: Truncated incorrect DOUBLE value: \'undefined\'','2023-07-05 16:40:04',4),(286,'代码生成',3,'com.ruoyi.generator.controller.GenController.remove()','POST',1,'admin','研发部门','/tool/gen/remove','127.0.0.1','内网IP','{\"ids\":[\"17\"]}','{\"msg\":\"操作成功\",\"code\":0}',0,NULL,'2023-07-05 16:48:57',77),(287,'代码生成',6,'com.ruoyi.generator.controller.GenController.importTableSave()','POST',1,'admin','研发部门','/tool/gen/importTable','127.0.0.1','内网IP','{\"tables\":[\"cz_table\"]}','{\"msg\":\"操作成功\",\"code\":0}',0,NULL,'2023-07-05 16:49:02',68),(288,'代码生成',2,'com.ruoyi.generator.controller.GenController.synchDb()','GET',1,'admin','研发部门','/tool/gen/synchDb/cz_table','127.0.0.1','内网IP','\"cz_table\"','{\"msg\":\"操作成功\",\"code\":0}',0,NULL,'2023-07-05 16:49:45',51),(289,'代码生成',3,'com.ruoyi.generator.controller.GenController.remove()','POST',1,'admin','研发部门','/tool/gen/remove','127.0.0.1','内网IP','{\"ids\":[\"18\"]}','{\"msg\":\"操作成功\",\"code\":0}',0,NULL,'2023-07-05 16:49:47',14),(290,'代码生成',6,'com.ruoyi.generator.controller.GenController.importTableSave()','POST',1,'admin','研发部门','/tool/gen/importTable','127.0.0.1','内网IP','{\"tables\":[\"cz_table\"]}','{\"msg\":\"操作成功\",\"code\":0}',0,NULL,'2023-07-05 16:49:50',32),(291,'代码生成',2,'com.ruoyi.generator.controller.GenController.editSave()','POST',1,'admin','研发部门','/tool/gen/edit','127.0.0.1','内网IP','{\"tableId\":[\"19\"],\"tableName\":[\"cz_table\"],\"tableComment\":[\"充值表\"],\"className\":[\"CzTable\"],\"functionAuthor\":[\"ruoyi\"],\"remark\":[\"\"],\"columns[0].columnId\":[\"113\"],\"columns[0].sort\":[\"1\"],\"columns[0].columnComment\":[\"充值序号\"],\"columns[0].javaType\":[\"Long\"],\"columns[0].javaField\":[\"rid\"],\"columns[0].isInsert\":[\"1\"],\"columns[0].queryType\":[\"EQ\"],\"columns[0].htmlType\":[\"input\"],\"columns[0].dictType\":[\"\"],\"columns[1].columnId\":[\"114\"],\"columns[1].sort\":[\"2\"],\"columns[1].columnComment\":[\"机器编号\"],\"columns[1].javaType\":[\"String\"],\"columns[1].javaField\":[\"id\"],\"columns[1].isInsert\":[\"1\"],\"columns[1].queryType\":[\"EQ\"],\"columns[1].isRequired\":[\"1\"],\"columns[1].htmlType\":[\"select\"],\"columns[1].dictType\":[\"\"],\"columns[2].columnId\":[\"115\"],\"columns[2].sort\":[\"3\"],\"columns[2].columnComment\":[\"充值金额\"],\"columns[2].javaType\":[\"Long\"],\"columns[2].javaField\":[\"amount\"],\"columns[2].isInsert\":[\"1\"],\"columns[2].isEdit\":[\"1\"],\"columns[2].isList\":[\"1\"],\"columns[2].isQuery\":[\"1\"],\"columns[2].queryType\":[\"EQ\"],\"columns[2].isRequired\":[\"1\"],\"columns[2].htmlType\":[\"select\"],\"columns[2].dictType\":[\"\"],\"columns[3].columnId\":[\"116\"],\"columns[3].sort\":[\"4\"],\"columns[3].columnComment\":[\"充值时间\"],\"columns[3].javaType\":[\"Date\"],\"columns[3].javaField\":[\"time\"],\"columns[3].isInsert\":[\"1\"],\"columns[3].isEdit\":[\"1\"],\"columns[3].isList\":[\"1\"],\"columns[3].isQuery\":[\"1\"],\"columns[3].queryType\":[\"EQ\"],\"columns[3].isRequired\":[\"1\"],\"columns[3].htmlType\":[\"datetime\"],\"columns[3].dictType\":[\"\"],\"columns[4].columnId\":[\"117\"],\"columns[4].sort\":[\"5\"],\"columns[4].columnComment\":[\"卡号\"],\"columns[4].javaType\":[\"String\"],\"columns[4].javaField\":[\"cardId\"],\"columns[4].isInsert\":[\"1\"],\"columns[4].isEdit\":[\"1\"],\"columns[4].isList\":[\"1\"],\"columns[4].isQuery\":[\"1\"],\"columns[4].queryType\":[\"EQ\"],\"columns[4].isRequired\":[\"1\"],\"columns[4].htmlType\":[\"input\"],\"columns[4].dictType\":[\"\"],\"tplCategory\":[\"crud\"],\"packageName\":[\"com.ruoyi.system\"],\"moduleName\":[\"system\"],\"businessName\":[\"cz\"],\"functionName\":[\"充值\"],\"params[parentMenuId]\":[\"200','{\"msg\":\"操作成功\",\"code\":0}',0,NULL,'2023-07-05 16:50:35',30),(292,'代码生成',8,'com.ruoyi.generator.controller.GenController.download()','GET',1,'admin','研发部门','/tool/gen/download/cz_table','127.0.0.1','内网IP','\"cz_table\"',NULL,0,NULL,'2023-07-05 16:50:38',125),(293,'代码生成',8,'com.ruoyi.generator.controller.GenController.download()','GET',1,'admin','研发部门','/tool/gen/download/cz_table','127.0.0.1','内网IP','\"cz_table\"',NULL,0,NULL,'2023-07-05 16:50:39',42),(294,'充值',3,'com.ruoyi.web.controller.system.CzTableController.remove()','POST',1,'admin','研发部门','/system/cz/remove','127.0.0.1','内网IP','{\"ids\":[\"71\"]}','{\"msg\":\"操作成功\",\"code\":0}',0,NULL,'2023-07-05 16:57:56',62),(295,'充值',3,'com.ruoyi.web.controller.system.CzTableController.remove()','POST',1,'admin','研发部门','/system/cz/remove','127.0.0.1','内网IP','{\"ids\":[\"72\"]}','{\"msg\":\"操作成功\",\"code\":0}',0,NULL,'2023-07-05 16:57:58',10),(296,'充值',3,'com.ruoyi.web.controller.system.CzTableController.remove()','POST',1,'admin','研发部门','/system/cz/remove','127.0.0.1','内网IP','{\"ids\":[\"73\"]}','{\"msg\":\"操作成功\",\"code\":0}',0,NULL,'2023-07-05 16:58:02',11),(297,'菜单管理',3,'com.ruoyi.web.controller.system.SysMenuController.remove()','GET',1,'admin','研发部门','/system/menu/remove/2020','127.0.0.1','内网IP','2020','{\"msg\":\"操作成功\",\"code\":0}',0,NULL,'2023-07-05 16:58:22',29),(298,'菜单管理',3,'com.ruoyi.web.controller.system.SysMenuController.remove()','GET',1,'admin','研发部门','/system/menu/remove/2019','127.0.0.1','内网IP','2019','{\"msg\":\"存在子菜单,不允许删除\",\"code\":301}',0,NULL,'2023-07-05 16:58:30',4),(299,'菜单管理',3,'com.ruoyi.web.controller.system.SysMenuController.remove()','GET',1,'admin','研发部门','/system/menu/remove/2021','127.0.0.1','内网IP','2021','{\"msg\":\"操作成功\",\"code\":0}',0,NULL,'2023-07-05 16:58:36',17),(300,'菜单管理',3,'com.ruoyi.web.controller.system.SysMenuController.remove()','GET',1,'admin','研发部门','/system/menu/remove/2022','127.0.0.1','内网IP','2022','{\"msg\":\"操作成功\",\"code\":0}',0,NULL,'2023-07-05 16:58:46',15),(301,'菜单管理',3,'com.ruoyi.web.controller.system.SysMenuController.remove()','GET',1,'admin','研发部门','/system/menu/remove/2024','127.0.0.1','内网IP','2024','{\"msg\":\"操作成功\",\"code\":0}',0,NULL,'2023-07-05 16:58:49',12),(302,'菜单管理',3,'com.ruoyi.web.controller.system.SysMenuController.remove()','GET',1,'admin','研发部门','/system/menu/remove/2023','127.0.0.1','内网IP','2023','{\"msg\":\"操作成功\",\"code\":0}',0,NULL,'2023-07-05 16:58:53',13),(303,'菜单管理',3,'com.ruoyi.web.controller.system.SysMenuController.remove()','GET',1,'admin','研发部门','/system/menu/remove/2019','127.0.0.1','内网IP','2019','{\"msg\":\"操作成功\",\"code\":0}',0,NULL,'2023-07-05 16:58:55',14),(304,'充值',1,'com.ruoyi.web.controller.system.CzTableController.addSave()','POST',1,'admin','研发部门','/system/cz/add','127.0.0.1','内网IP','{\"time\":[\"2023-07-05\"],\"cardId\":[\"123\"]}','{\"msg\":\"操作成功\",\"code\":0}',0,NULL,'2023-07-05 16:59:13',15),(305,'充值',3,'com.ruoyi.web.controller.system.CzTableController.remove()','POST',1,'admin','研发部门','/system/cz/remove','127.0.0.1','内网IP','{\"ids\":[\"74\"]}','{\"msg\":\"操作成功\",\"code\":0}',0,NULL,'2023-07-05 16:59:27',11),(306,'充值',1,'com.ruoyi.web.controller.system.CzTableController.addSave()','POST',1,'admin','研发部门','/system/cz/add','127.0.0.1','内网IP','{\"id\":[\"1号机\"],\"time\":[\"2023-07-05\"],\"cardId\":[\"123\"]}','{\"msg\":\"操作成功\",\"code\":0}',0,NULL,'2023-07-05 17:20:28',65),(307,'充值',3,'com.ruoyi.web.controller.system.CzTableController.remove()','POST',1,'admin','研发部门','/system/cz/remove','127.0.0.1','内网IP','{\"ids\":[\"75\"]}','{\"msg\":\"操作成功\",\"code\":0}',0,NULL,'2023-07-05 17:20:38',20),(308,'充值',1,'com.ruoyi.web.controller.system.CzTableController.addSave()','POST',1,'admin','研发部门','/system/cz/add','127.0.0.1','内网IP','{\"id\":[\"1号机\"],\"time\":[\"2023-07-05\"],\"cardId\":[\"1\"]}','{\"msg\":\"操作成功\",\"code\":0}',0,NULL,'2023-07-05 17:20:48',12),(309,'充值',1,'com.ruoyi.web.controller.system.CzTableController.addSave()','POST',1,'admin','研发部门','/system/cz/add','127.0.0.1','内网IP','{\"id\":[\"1号机\"],\"time\":[\"1\"],\"cardId\":[\"1\"]}','{\"msg\":\"操作成功\",\"code\":0}',0,NULL,'2023-07-05 17:25:48',59),(310,'充值',3,'com.ruoyi.web.controller.system.CzTableController.remove()','POST',1,'admin','研发部门','/system/cz/remove','127.0.0.1','内网IP','{\"ids\":[\"77\"]}','{\"msg\":\"操作成功\",\"code\":0}',0,NULL,'2023-07-05 17:25:51',12),(311,'充值',1,'com.ruoyi.web.controller.system.CzTableController.addSave()','POST',1,'admin','研发部门','/system/cz/add','127.0.0.1','内网IP','{\"id\":[\"\"],\"time\":[\"2023-07-05\"],\"cardId\":[\"1\"]}','{\"msg\":\"操作成功\",\"code\":0}',0,NULL,'2023-07-05 17:26:03',17),(312,'充值',3,'com.ruoyi.web.controller.system.CzTableController.remove()','POST',1,'admin','研发部门','/system/cz/remove','127.0.0.1','内网IP','{\"ids\":[\"78\"]}','{\"msg\":\"操作成功\",\"code\":0}',0,NULL,'2023-07-05 17:26:06',11),(313,'充值',1,'com.ruoyi.web.controller.system.CzTableController.addSave()','POST',1,'admin','研发部门','/system/cz/add','127.0.0.1','内网IP','{\"id\":[\"\"],\"amount\":[\"\"],\"time\":[\"2023-07-05 09:07:19\"],\"cardId\":[\"123\"]}','{\"msg\":\"操作成功\",\"code\":0}',0,NULL,'2023-07-05 17:57:48',56),(314,'充值',1,'com.ruoyi.web.controller.system.CzTableController.addSave()','POST',1,'admin','研发部门','/system/cz/add','127.0.0.1','内网IP','{\"id\":[\"3号机\"],\"amount\":[\"200\"],\"time\":[\"2023-07-05 10:07:07\"],\"cardId\":[\"1\"]}','{\"msg\":\"操作成功\",\"code\":0}',0,NULL,'2023-07-05 17:58:42',10),(315,'充值',3,'com.ruoyi.web.controller.system.CzTableController.remove()','POST',1,'admin','研发部门','/system/cz/remove','127.0.0.1','内网IP','{\"ids\":[\"76\"]}','{\"msg\":\"操作成功\",\"code\":0}',0,NULL,'2023-07-05 17:59:15',19),(316,'充值',1,'com.ruoyi.web.controller.system.CzTableController.addSave()','POST',1,'admin','研发部门','/system/cz/add','127.0.0.1','内网IP','{\"id\":[\"\"],\"amount\":[\"100\"],\"time\":[\"2023-07-05 10:07:41\"],\"cardId\":[\"1\"]}','{\"msg\":\"操作成功\",\"code\":0}',0,NULL,'2023-07-05 22:28:50',7),(317,'充值',3,'com.ruoyi.web.controller.system.CzTableController.remove()','POST',1,'admin','研发部门','/system/cz/remove','127.0.0.1','内网IP','{\"ids\":[\"79\"]}','{\"msg\":\"操作成功\",\"code\":0}',0,NULL,'2023-07-05 22:28:52',16),(318,'充值',1,'com.ruoyi.web.controller.system.CzTableController.addSave()','POST',1,'admin','研发部门','/system/cz/add','127.0.0.1','内网IP','{\"id\":[\"\"],\"amount\":[\"\"],\"time\":[\"2023-07-05 10:07:23\"],\"cardId\":[\"1\"]}','{\"msg\":\"操作成功\",\"code\":0}',0,NULL,'2023-07-05 22:30:34',10),(319,'充值',3,'com.ruoyi.web.controller.system.CzTableController.remove()','POST',1,'admin','研发部门','/system/cz/remove','127.0.0.1','内网IP','{\"ids\":[\"81\"]}','{\"msg\":\"操作成功\",\"code\":0}',0,NULL,'2023-07-05 22:34:32',67),(320,'充值',3,'com.ruoyi.web.controller.system.CzTableController.remove()','POST',1,'admin','研发部门','/system/cz/remove','127.0.0.1','内网IP','{\"ids\":[\"82\"]}','{\"msg\":\"操作成功\",\"code\":0}',0,NULL,'2023-07-05 22:34:33',11),(321,'充值',3,'com.ruoyi.web.controller.system.CzTableController.remove()','POST',1,'admin','研发部门','/system/cz/remove','127.0.0.1','内网IP','{\"ids\":[\"80\"]}','{\"msg\":\"操作成功\",\"code\":0}',0,NULL,'2023-07-05 22:34:35',11),(322,'充值',1,'com.ruoyi.web.controller.system.CzTableController.addSave()','POST',1,'admin','研发部门','/system/cz/add','127.0.0.1','内网IP','{\"id\":[\"1号机\"],\"amount\":[\"50\"],\"time\":[\"2023-07-05 22:40:38\"],\"cardId\":[\"1\"]}','{\"msg\":\"操作成功\",\"code\":0}',0,NULL,'2023-07-05 22:40:40',60),(323,'充值',3,'com.ruoyi.web.controller.system.CzTableController.remove()','POST',1,'admin','研发部门','/system/cz/remove','127.0.0.1','内网IP','{\"ids\":[\"83\"]}','{\"msg\":\"操作成功\",\"code\":0}',0,NULL,'2023-07-05 22:40:48',15),(324,'充值',1,'com.ruoyi.web.controller.system.CzTableController.addSave()','POST',1,'admin','研发部门','/system/cz/add','127.0.0.1','内网IP','{\"id\":[\"1号机\"],\"amount\":[\"50\"],\"time\":[\"\"],\"cardId\":[\"1\"]}','{\"msg\":\"操作成功\",\"code\":0}',0,NULL,'2023-07-05 22:51:03',55),(325,'充值',3,'com.ruoyi.web.controller.system.CzTableController.remove()','POST',1,'admin','研发部门','/system/cz/remove','127.0.0.1','内网IP','{\"ids\":[\"84\"]}','{\"msg\":\"操作成功\",\"code\":0}',0,NULL,'2023-07-05 22:51:05',14),(326,'充值',1,'com.ruoyi.web.controller.system.CzTableController.addSave()','POST',1,'admin','研发部门','/system/cz/add','127.0.0.1','内网IP','{\"id\":[\"1号机\"],\"amount\":[\"50\"],\"time\":[\"2023-07-05 23:22:08\"],\"cardId\":[\"123\"]}',NULL,1,'','2023-07-05 23:22:10',59),(327,'充值',1,'com.ruoyi.web.controller.system.CzTableController.addSave()','POST',1,'admin','研发部门','/system/cz/add','127.0.0.1','内网IP','{\"id\":[\"1号机\"],\"amount\":[\"50\"],\"time\":[\"2023-07-05 23:22:35\"],\"cardId\":[\"1\"]}',NULL,1,'','2023-07-05 23:22:39',1),(328,'充值',1,'com.ruoyi.web.controller.system.CzTableController.addSave()','POST',1,'admin','研发部门','/system/cz/add','127.0.0.1','内网IP','{\"id\":[\"1号机\"],\"amount\":[\"50\"],\"time\":[\"2023-07-05 23:25:43\"],\"cardId\":[\"1\"]}',NULL,1,'','2023-07-05 23:25:45',48),(329,'充值',1,'com.ruoyi.web.controller.system.CzTableController.addSave()','POST',1,'admin','研发部门','/system/cz/add','127.0.0.1','内网IP','{\"id\":[\"1号机\"],\"amount\":[\"50\"],\"time\":[\"2023-07-05 23:27:54\"],\"cardId\":[\"1\"]}',NULL,1,'','2023-07-05 23:27:55',45),(330,'充值',1,'com.ruoyi.web.controller.system.CzTableController.addSave()','POST',1,'admin','研发部门','/system/cz/add','127.0.0.1','内网IP','{\"id\":[\"1号机\"],\"amount\":[\"50\"],\"time\":[\"2023-07-05 23:29:20\"],\"cardId\":[\"123\"]}',NULL,1,'','2023-07-05 23:29:21',0),(331,'充值',1,'com.ruoyi.web.controller.system.CzTableController.addSave()','POST',1,'admin','研发部门','/system/cz/add','127.0.0.1','内网IP','{\"id\":[\"1号机\"],\"amount\":[\"50\"],\"time\":[\"2023-07-05 23:35:44\"],\"cardId\":[\"123\"]}',NULL,1,'','2023-07-05 23:35:46',47),(332,'充值',1,'com.ruoyi.web.controller.system.CzTableController.addSave()','POST',1,'admin','研发部门','/system/cz/add','127.0.0.1','内网IP','{\"id\":[\"1号机\"],\"amount\":[\"50\"],\"time\":[\"2023-07-05 23:43:32\"],\"cardId\":[\"123\"]}',NULL,1,'','2023-07-05 23:43:33',53),(333,'角色管理',2,'com.ruoyi.web.controller.system.SysRoleController.editSave()','POST',1,'admin','研发部门','/system/role/edit','127.0.0.1','内网IP','{\"roleId\":[\"2\"],\"roleName\":[\"普通角色\"],\"roleKey\":[\"common\"],\"roleSort\":[\"2\"],\"status\":[\"0\"],\"remark\":[\"普通角色\"],\"menuIds\":[\"1,100,1000,1001,1002,1003,1004,1005,1006,103,1016,1017,1018,1019,104,1020,1021,1022,1023,1024,107,1035,1036,1037,1038,2000,2001,2005,2025,2026,2027,2030,2,109,1047,1048,1049,110,1050,1051,1052,1053,1054,1055,1056,111,112,113,3,114,115,1057,1058,1059,1060,1061,116\"]}','{\"msg\":\"操作成功\",\"code\":0}',0,NULL,'2023-07-05 23:48:23',99),(334,'充值',1,'com.ruoyi.web.controller.system.CzTableController.addSave()','POST',1,'user',NULL,'/system/cz/add','127.0.0.1','内网IP','{\"id\":[\"1号机\"],\"amount\":[\"50\"],\"time\":[\"2023-07-06 00:03:52\"],\"cardId\":[\"123\"]}','{\"msg\":\"操作成功\",\"code\":0}',0,NULL,'2023-07-06 00:03:56',69),(335,'校园卡信息',2,'com.ruoyi.web.controller.system.CardController.editSave()','POST',1,'admin','研发部门','/system/cz/add','127.0.0.1','内网IP','{\"id\":[\"1号机\"],\"amount\":[\"50\"],\"time\":[\"2023-07-06 00:08:07\"],\"cardId\":[\"123\"]}','{\"msg\":\"操作成功\",\"code\":0}',0,NULL,'2023-07-06 00:08:08',58),(336,'创建表',0,'com.ruoyi.generator.controller.GenController.create()','POST',1,'admin','研发部门','/tool/gen/createTable','127.0.0.1','内网IP','{\"sql\":[\"create table xf_table\\n(\\n    cid     bigint auto_increment comment \'消费序号\'\\n        primary key,\\n    id      varchar(20) collate utf8mb4_general_ci null comment \'消费编号\',\\n    amount  int                                    null comment \'消费金额\',\\n    time    datetime                               null comment \'消费时间\',\\n    card_id varchar(20)                            null comment \'卡号\'\\n)\\n    comment \'消费表\';\"]}','{\"msg\":\"操作成功\",\"code\":0}',0,NULL,'2023-07-06 14:57:36',399),(337,'代码生成',2,'com.ruoyi.generator.controller.GenController.editSave()','POST',1,'admin','研发部门','/tool/gen/edit','127.0.0.1','内网IP','{\"tableId\":[\"20\"],\"tableName\":[\"xf_table\"],\"tableComment\":[\"消费表\"],\"className\":[\"XfTable\"],\"functionAuthor\":[\"ruoyi\"],\"remark\":[\"\"],\"columns[0].columnId\":[\"118\"],\"columns[0].sort\":[\"1\"],\"columns[0].columnComment\":[\"消费序号\"],\"columns[0].javaType\":[\"Long\"],\"columns[0].javaField\":[\"cid\"],\"columns[0].isInsert\":[\"1\"],\"columns[0].queryType\":[\"EQ\"],\"columns[0].htmlType\":[\"input\"],\"columns[0].dictType\":[\"\"],\"columns[1].columnId\":[\"119\"],\"columns[1].sort\":[\"2\"],\"columns[1].columnComment\":[\"消费编号\"],\"columns[1].javaType\":[\"String\"],\"columns[1].javaField\":[\"id\"],\"columns[1].isInsert\":[\"1\"],\"columns[1].queryType\":[\"EQ\"],\"columns[1].htmlType\":[\"select\"],\"columns[1].dictType\":[\"\"],\"columns[2].columnId\":[\"120\"],\"columns[2].sort\":[\"3\"],\"columns[2].columnComment\":[\"消费金额\"],\"columns[2].javaType\":[\"Long\"],\"columns[2].javaField\":[\"amount\"],\"columns[2].isInsert\":[\"1\"],\"columns[2].isEdit\":[\"1\"],\"columns[2].isList\":[\"1\"],\"columns[2].isQuery\":[\"1\"],\"columns[2].queryType\":[\"EQ\"],\"columns[2].htmlType\":[\"select\"],\"columns[2].dictType\":[\"\"],\"columns[3].columnId\":[\"121\"],\"columns[3].sort\":[\"4\"],\"columns[3].columnComment\":[\"消费时间\"],\"columns[3].javaType\":[\"Date\"],\"columns[3].javaField\":[\"time\"],\"columns[3].isInsert\":[\"1\"],\"columns[3].isEdit\":[\"1\"],\"columns[3].isList\":[\"1\"],\"columns[3].isQuery\":[\"1\"],\"columns[3].queryType\":[\"EQ\"],\"columns[3].htmlType\":[\"datetime\"],\"columns[3].dictType\":[\"\"],\"columns[4].columnId\":[\"122\"],\"columns[4].sort\":[\"5\"],\"columns[4].columnComment\":[\"卡号\"],\"columns[4].javaType\":[\"String\"],\"columns[4].javaField\":[\"cardId\"],\"columns[4].isInsert\":[\"1\"],\"columns[4].isEdit\":[\"1\"],\"columns[4].isList\":[\"1\"],\"columns[4].isQuery\":[\"1\"],\"columns[4].queryType\":[\"EQ\"],\"columns[4].htmlType\":[\"input\"],\"columns[4].dictType\":[\"\"],\"tplCategory\":[\"crud\"],\"packageName\":[\"com.ruoyi.system\"],\"moduleName\":[\"system\"],\"businessName\":[\"table\"],\"functionName\":[\"消费\"],\"params[parentMenuId]\":[\"\"],\"params[parentMenuName]\":[\"\"],\"genType\":[\"0\"],\"genPath\":[\"/\"],\"subTableName\":[\"\"],\"params[treeCode]\":[\"\"],\"params[tre','{\"msg\":\"操作成功\",\"code\":0}',0,NULL,'2023-07-06 14:58:52',26),(338,'代码生成',2,'com.ruoyi.generator.controller.GenController.editSave()','POST',1,'admin','研发部门','/tool/gen/edit','127.0.0.1','内网IP','{\"tableId\":[\"20\"],\"tableName\":[\"xf_table\"],\"tableComment\":[\"消费表\"],\"className\":[\"XfTable\"],\"functionAuthor\":[\"ruoyi\"],\"remark\":[\"\"],\"columns[0].columnId\":[\"118\"],\"columns[0].sort\":[\"1\"],\"columns[0].columnComment\":[\"消费序号\"],\"columns[0].javaType\":[\"Long\"],\"columns[0].javaField\":[\"cid\"],\"columns[0].isInsert\":[\"1\"],\"columns[0].queryType\":[\"EQ\"],\"columns[0].htmlType\":[\"input\"],\"columns[0].dictType\":[\"\"],\"columns[1].columnId\":[\"119\"],\"columns[1].sort\":[\"2\"],\"columns[1].columnComment\":[\"消费编号\"],\"columns[1].javaType\":[\"String\"],\"columns[1].javaField\":[\"id\"],\"columns[1].isInsert\":[\"1\"],\"columns[1].queryType\":[\"EQ\"],\"columns[1].htmlType\":[\"select\"],\"columns[1].dictType\":[\"\"],\"columns[2].columnId\":[\"120\"],\"columns[2].sort\":[\"3\"],\"columns[2].columnComment\":[\"消费金额\"],\"columns[2].javaType\":[\"Long\"],\"columns[2].javaField\":[\"amount\"],\"columns[2].isInsert\":[\"1\"],\"columns[2].isEdit\":[\"1\"],\"columns[2].isList\":[\"1\"],\"columns[2].isQuery\":[\"1\"],\"columns[2].queryType\":[\"EQ\"],\"columns[2].htmlType\":[\"select\"],\"columns[2].dictType\":[\"\"],\"columns[3].columnId\":[\"121\"],\"columns[3].sort\":[\"4\"],\"columns[3].columnComment\":[\"消费时间\"],\"columns[3].javaType\":[\"Date\"],\"columns[3].javaField\":[\"time\"],\"columns[3].isInsert\":[\"1\"],\"columns[3].isEdit\":[\"1\"],\"columns[3].isList\":[\"1\"],\"columns[3].isQuery\":[\"1\"],\"columns[3].queryType\":[\"EQ\"],\"columns[3].htmlType\":[\"datetime\"],\"columns[3].dictType\":[\"\"],\"columns[4].columnId\":[\"122\"],\"columns[4].sort\":[\"5\"],\"columns[4].columnComment\":[\"卡号\"],\"columns[4].javaType\":[\"String\"],\"columns[4].javaField\":[\"cardId\"],\"columns[4].isInsert\":[\"1\"],\"columns[4].isEdit\":[\"1\"],\"columns[4].isList\":[\"1\"],\"columns[4].isQuery\":[\"1\"],\"columns[4].queryType\":[\"EQ\"],\"columns[4].htmlType\":[\"input\"],\"columns[4].dictType\":[\"\"],\"tplCategory\":[\"crud\"],\"packageName\":[\"com.ruoyi.system\"],\"moduleName\":[\"system\"],\"businessName\":[\"xf\"],\"functionName\":[\"消费\"],\"params[parentMenuId]\":[\"2000\"],\"params[parentMenuName]\":[\"使用校园卡\"],\"genType\":[\"0\"],\"genPath\":[\"/\"],\"subTableName\":[\"\"],\"params[treeCode]\":[\"\"],\"para','{\"msg\":\"操作成功\",\"code\":0}',0,NULL,'2023-07-06 14:59:19',22),(339,'代码生成',8,'com.ruoyi.generator.controller.GenController.download()','GET',1,'admin','研发部门','/tool/gen/download/xf_table','127.0.0.1','内网IP','\"xf_table\"',NULL,0,NULL,'2023-07-06 14:59:22',132),(340,'代码生成',8,'com.ruoyi.generator.controller.GenController.download()','GET',1,'admin','研发部门','/tool/gen/download/xf_table','127.0.0.1','内网IP','\"xf_table\"',NULL,0,NULL,'2023-07-06 14:59:22',29),(341,'消费',1,'com.ruoyi.web.controller.system.XfTableController.addSave()','POST',1,'admin','研发部门','/system/xf/add','127.0.0.1','内网IP','{\"id\":[\"1号机\"],\"amount\":[\"100\"],\"time\":[\"2023-07-06 15:12:12\"],\"cardId\":[\"1\"]}','{\"msg\":\"操作成功\",\"code\":0}',0,NULL,'2023-07-06 15:12:15',66),(342,'消费',3,'com.ruoyi.web.controller.system.XfTableController.remove()','POST',1,'admin','研发部门','/system/xf/remove','127.0.0.1','内网IP','{\"ids\":[\"1\"]}','{\"msg\":\"操作成功\",\"code\":0}',0,NULL,'2023-07-06 15:12:20',15),(343,'充值',2,'com.ruoyi.web.controller.system.CzTableController.editSave()','POST',1,'admin','研发部门','/system/cz/edit','127.0.0.1','内网IP','{\"rid\":[\"87\"],\"time\":[\"2023-07-06 15:32:02\"],\"cardId\":[\"123\"]}','{\"msg\":\"操作成功\",\"code\":0}',0,NULL,'2023-07-06 15:32:03',63),(344,'消费',1,'com.ruoyi.web.controller.system.XfTableController.addSave()','POST',1,'admin','研发部门','/system/xf/add','127.0.0.1','内网IP','{\"id\":[\"1号机\"],\"amount\":[\"200\"],\"time\":[\"2023-07-06 15:46:30\"],\"cardId\":[\"123\"]}',NULL,1,'消费失败余额不足！','2023-07-06 15:46:34',62),(345,'充值',3,'com.ruoyi.web.controller.system.CzTableController.remove()','POST',1,'admin','研发部门','/system/cz/remove','127.0.0.1','内网IP','{\"ids\":[\"87\"]}','{\"msg\":\"操作成功\",\"code\":0}',0,NULL,'2023-07-06 15:50:09',65),(346,'充值',3,'com.ruoyi.web.controller.system.CzTableController.remove()','POST',1,'admin','研发部门','/system/cz/remove','127.0.0.1','内网IP','{\"ids\":[\"86\"]}','{\"msg\":\"操作成功\",\"code\":0}',0,NULL,'2023-07-06 15:50:10',10),(347,'校园卡信息',2,'com.ruoyi.web.controller.system.CardController.editSave()','POST',1,'admin','研发部门','/system/cz/add','127.0.0.1','内网IP','{\"id\":[\"1号机\"],\"amount\":[\"100\"],\"time\":[\"2023-07-06 15:50:17\"],\"cardId\":[\"123\"]}','{\"msg\":\"操作成功\",\"code\":0}',0,NULL,'2023-07-06 15:50:20',9),(348,'校园卡信息',2,'com.ruoyi.web.controller.system.CardController.editSave()','POST',1,'admin','研发部门','/system/xf/add','127.0.0.1','内网IP','{\"id\":[\"1号机\"],\"amount\":[\"12\"],\"time\":[\"2023-07-06 15:50:37\"],\"cardId\":[\"123\"]}','{\"msg\":\"操作成功\",\"code\":0}',0,NULL,'2023-07-06 15:51:03',10),(349,'消费',1,'com.ruoyi.web.controller.system.XfTableController.addSave()','POST',1,'admin','研发部门','/system/xf/add','127.0.0.1','内网IP','{\"id\":[\"1号机\"],\"amount\":[\"12\"],\"time\":[\"2023-07-06 15:55:50\"],\"cardId\":[\"1\"]}',NULL,1,'','2023-07-06 15:55:53',50),(350,'校园卡信息',2,'com.ruoyi.web.controller.system.CardController.editSave()','POST',1,'admin','研发部门','/system/cz/add','127.0.0.1','内网IP','{\"id\":[\"1号机\"],\"amount\":[\"200\"],\"time\":[\"2023-07-06 15:59:31\"],\"cardId\":[\"123\"]}','{\"msg\":\"操作成功\",\"code\":0}',0,NULL,'2023-07-06 15:59:33',56),(351,'校园卡信息',2,'com.ruoyi.web.controller.system.CardController.editSave()','POST',1,'admin','研发部门','/system/xf/add','127.0.0.1','内网IP','{\"id\":[\"1号机\"],\"amount\":[\"12.5\"],\"time\":[\"2023-07-06 16:01:57\"],\"cardId\":[\"123\"]}','{\"msg\":\"操作成功\",\"code\":0}',0,NULL,'2023-07-06 16:01:58',54),(352,'校园卡信息',2,'com.ruoyi.web.controller.system.CardController.editSave()','POST',1,'admin','研发部门','/system/cz/add','127.0.0.1','内网IP','{\"id\":[\"1号机\"],\"amount\":[\"500.00\"],\"time\":[\"2023-07-06 16:03:13\"],\"cardId\":[\"123\"]}','{\"msg\":\"操作成功\",\"code\":0}',0,NULL,'2023-07-06 16:03:14',53),(353,'用户管理',1,'com.ruoyi.web.controller.system.SysUserController.addSave()','POST',1,'admin','研发部门','/system/user/add','127.0.0.1','内网IP','{\"deptId\":[\"\"],\"userName\":[\"李建桦\"],\"deptName\":[\"\"],\"phonenumber\":[\"\"],\"email\":[\"\"],\"loginName\":[\"SWE21026\"],\"sex\":[\"0\"],\"role\":[\"2\"],\"remark\":[\"\"],\"status\":[\"0\"],\"roleIds\":[\"2\"],\"postIds\":[\"\"]}','{\"msg\":\"操作成功\",\"code\":0}',0,NULL,'2023-07-06 16:05:35',80),(354,'用户管理',4,'com.ruoyi.web.controller.system.SysUserController.insertAuthRole()','POST',1,'admin','研发部门','/system/user/authRole/insertAuthRole','127.0.0.1','内网IP','{\"userId\":[\"101\"],\"roleIds\":[\"2\"]}','{\"msg\":\"操作成功\",\"code\":0}',0,NULL,'2023-07-06 16:05:43',22),(355,'部门管理',2,'com.ruoyi.web.controller.system.SysDeptController.editSave()','POST',1,'admin','研发部门','/system/dept/edit','127.0.0.1','内网IP','{\"deptId\":[\"100\"],\"parentId\":[\"0\"],\"parentName\":[\"无\"],\"deptName\":[\"厦门大学嘉庚学院\"],\"orderNum\":[\"0\"],\"leader\":[\"嘉庚\"],\"phone\":[\"15888888888\"],\"email\":[\"xujc@qq.com\"],\"status\":[\"0\"]}','{\"msg\":\"操作成功\",\"code\":0}',0,NULL,'2023-07-06 16:06:37',14),(356,'部门管理',2,'com.ruoyi.web.controller.system.SysDeptController.editSave()','POST',1,'admin','研发部门','/system/dept/edit','127.0.0.1','内网IP','{\"deptId\":[\"101\"],\"parentId\":[\"100\"],\"parentName\":[\"厦门大学嘉庚学院\"],\"deptName\":[\"信息工程与技术学院\"],\"orderNum\":[\"1\"],\"leader\":[\"信院\"],\"phone\":[\"15888888888\"],\"email\":[\"xujcsist@qq.com\"],\"status\":[\"0\"]}','{\"msg\":\"操作成功\",\"code\":0}',0,NULL,'2023-07-06 16:07:59',31),(357,'部门管理',3,'com.ruoyi.web.controller.system.SysDeptController.remove()','GET',1,'admin','研发部门','/system/dept/remove/107','127.0.0.1','内网IP','107','{\"msg\":\"操作成功\",\"code\":0}',0,NULL,'2023-07-06 16:08:11',15),(358,'部门管理',3,'com.ruoyi.web.controller.system.SysDeptController.remove()','GET',1,'admin','研发部门','/system/dept/remove/106','127.0.0.1','内网IP','106','{\"msg\":\"操作成功\",\"code\":0}',0,NULL,'2023-07-06 16:08:13',15),(359,'部门管理',3,'com.ruoyi.web.controller.system.SysDeptController.remove()','GET',1,'admin','研发部门','/system/dept/remove/105','127.0.0.1','内网IP','105','{\"msg\":\"部门存在用户,不允许删除\",\"code\":301}',0,NULL,'2023-07-06 16:08:15',5),(360,'部门管理',2,'com.ruoyi.web.controller.system.SysDeptController.editSave()','POST',1,'admin','研发部门','/system/dept/edit','127.0.0.1','内网IP','{\"deptId\":[\"103\"],\"parentId\":[\"101\"],\"parentName\":[\"信息工程与技术学院\"],\"deptName\":[\"软件工程\"],\"orderNum\":[\"1\"],\"leader\":[\"swe\"],\"phone\":[\"15888888888\"],\"email\":[\"swe@qq.com\"],\"status\":[\"0\"]}','{\"msg\":\"操作成功\",\"code\":0}',0,NULL,'2023-07-06 16:08:32',21),(361,'部门管理',2,'com.ruoyi.web.controller.system.SysDeptController.editSave()','POST',1,'admin','研发部门','/system/dept/edit','127.0.0.1','内网IP','{\"deptId\":[\"104\"],\"parentId\":[\"101\"],\"parentName\":[\"信息工程与技术学院\"],\"deptName\":[\"计算机科学与技术\"],\"orderNum\":[\"2\"],\"leader\":[\"若依\"],\"phone\":[\"15888888888\"],\"email\":[\"ry@qq.com\"],\"status\":[\"0\"]}','{\"msg\":\"操作成功\",\"code\":0}',0,NULL,'2023-07-06 16:08:47',20),(362,'部门管理',2,'com.ruoyi.web.controller.system.SysDeptController.editSave()','POST',1,'admin','研发部门','/system/dept/edit','127.0.0.1','内网IP','{\"deptId\":[\"105\"],\"parentId\":[\"101\"],\"parentName\":[\"信息工程与技术学院\"],\"deptName\":[\"电子信息工程\"],\"orderNum\":[\"3\"],\"leader\":[\"若依\"],\"phone\":[\"15888888888\"],\"email\":[\"ry@qq.com\"],\"status\":[\"0\"]}','{\"msg\":\"操作成功\",\"code\":0}',0,NULL,'2023-07-06 16:09:10',23),(363,'部门管理',2,'com.ruoyi.web.controller.system.SysDeptController.editSave()','POST',1,'admin','研发部门','/system/dept/edit','127.0.0.1','内网IP','{\"deptId\":[\"102\"],\"parentId\":[\"100\"],\"parentName\":[\"厦门大学嘉庚学院\"],\"deptName\":[\"机电工程学院\"],\"orderNum\":[\"2\"],\"leader\":[\"若依\"],\"phone\":[\"15888888888\"],\"email\":[\"ry@qq.com\"],\"status\":[\"0\"]}','{\"msg\":\"操作成功\",\"code\":0}',0,NULL,'2023-07-06 16:09:48',22),(364,'部门管理',2,'com.ruoyi.web.controller.system.SysDeptController.editSave()','POST',1,'admin','研发部门','/system/dept/edit','127.0.0.1','内网IP','{\"deptId\":[\"108\"],\"parentId\":[\"102\"],\"parentName\":[\"机电工程学院\"],\"deptName\":[\"机械设计制造及其自动化\"],\"orderNum\":[\"1\"],\"leader\":[\"若依\"],\"phone\":[\"15888888888\"],\"email\":[\"ry@qq.com\"],\"status\":[\"0\"]}','{\"msg\":\"操作成功\",\"code\":0}',0,NULL,'2023-07-06 16:10:21',22),(365,'部门管理',2,'com.ruoyi.web.controller.system.SysDeptController.editSave()','POST',1,'admin','研发部门','/system/dept/edit','127.0.0.1','内网IP','{\"deptId\":[\"109\"],\"parentId\":[\"102\"],\"parentName\":[\"机电工程学院\"],\"deptName\":[\"机械电子工程\"],\"orderNum\":[\"2\"],\"leader\":[\"若依\"],\"phone\":[\"15888888888\"],\"email\":[\"ry@qq.com\"],\"status\":[\"0\"]}','{\"msg\":\"操作成功\",\"code\":0}',0,NULL,'2023-07-06 16:10:46',22),(366,'角色管理',1,'com.ruoyi.web.controller.system.SysRoleController.addSave()','POST',1,'admin','研发部门','/system/role/add','127.0.0.1','内网IP','{\"roleName\":[\"管理员\"],\"roleKey\":[\"admin2\"],\"roleSort\":[\"3\"],\"status\":[\"0\"],\"remark\":[\"\"],\"menuIds\":[\"1,100,1000,1001,1002,1003,1004,1005,1006,103,1016,1017,1018,1019,104,1020,1021,1022,1023,1024,107,1035,1036,1037,1038,108,500,1039,1040,1041,1042,501,1043,1044,1045,1046,2000,2001,2002,2003,2005,2004,2025,2026,2027,2028,2029,2030,2031,2032,2033,2034,2035,2036,2,109,1047,1048,1049\"]}','{\"msg\":\"操作成功\",\"code\":0}',0,NULL,'2023-07-06 16:13:09',24),(367,'用户管理',1,'com.ruoyi.web.controller.system.SysUserController.addSave()','POST',1,'admin','研发部门','/system/user/add','127.0.0.1','内网IP','{\"deptId\":[\"100\"],\"userName\":[\"管理员\"],\"deptName\":[\"厦门大学嘉庚学院\"],\"phonenumber\":[\"\"],\"email\":[\"\"],\"loginName\":[\"admin123\"],\"sex\":[\"0\"],\"role\":[\"100\"],\"remark\":[\"\"],\"status\":[\"0\"],\"roleIds\":[\"100\"],\"postIds\":[\"\"]}','{\"msg\":\"操作成功\",\"code\":0}',0,NULL,'2023-07-06 16:13:44',16),(368,'用户管理',3,'com.ruoyi.web.controller.system.SysUserController.remove()','POST',1,'admin','研发部门','/system/user/remove','127.0.0.1','内网IP','{\"ids\":[\"101\"]}','{\"msg\":\"操作成功\",\"code\":0}',0,NULL,'2023-07-06 16:13:50',22),(369,'岗位管理',3,'com.ruoyi.web.controller.system.SysPostController.remove()','POST',1,'admin','研发部门','/system/post/remove','127.0.0.1','内网IP','{\"ids\":[\"3\"]}','{\"msg\":\"操作成功\",\"code\":0}',0,NULL,'2023-07-06 16:14:29',12),(370,'岗位管理',3,'com.ruoyi.web.controller.system.SysPostController.remove()','POST',1,'admin','研发部门','/system/post/remove','127.0.0.1','内网IP','{\"ids\":[\"4\"]}','{\"msg\":\"操作成功\",\"code\":0}',0,NULL,'2023-07-06 16:14:31',13),(371,'岗位管理',2,'com.ruoyi.web.controller.system.SysPostController.editSave()','POST',1,'admin','研发部门','/system/post/edit','127.0.0.1','内网IP','{\"postId\":[\"2\"],\"postName\":[\"普通用户\"],\"postCode\":[\"user\"],\"postSort\":[\"2\"],\"status\":[\"0\"],\"remark\":[\"\"]}','{\"msg\":\"操作成功\",\"code\":0}',0,NULL,'2023-07-06 16:14:40',20),(372,'岗位管理',2,'com.ruoyi.web.controller.system.SysPostController.editSave()','POST',1,'admin','研发部门','/system/post/edit','127.0.0.1','内网IP','{\"postId\":[\"1\"],\"postName\":[\"管理员\"],\"postCode\":[\"adm\"],\"postSort\":[\"1\"],\"status\":[\"0\"],\"remark\":[\"\"]}','{\"msg\":\"操作成功\",\"code\":0}',0,NULL,'2023-07-06 16:14:54',14),(373,'用户管理',2,'com.ruoyi.web.controller.system.SysUserController.editSave()','POST',1,'admin','研发部门','/system/user/edit','127.0.0.1','内网IP','{\"userId\":[\"100\"],\"deptId\":[\"103\"],\"userName\":[\"user\"],\"dept.deptName\":[\"软件工程\"],\"phonenumber\":[\"\"],\"email\":[\"\"],\"loginName\":[\"user\"],\"sex\":[\"0\"],\"role\":[\"2\"],\"remark\":[\"\"],\"status\":[\"0\"],\"roleIds\":[\"2\"],\"postIds\":[\"2\"]}','{\"msg\":\"操作成功\",\"code\":0}',0,NULL,'2023-07-06 16:15:15',22),(374,'用户管理',4,'com.ruoyi.web.controller.system.SysUserController.insertAuthRole()','POST',1,'admin','研发部门','/system/user/authRole/insertAuthRole','127.0.0.1','内网IP','{\"userId\":[\"100\"],\"roleIds\":[\"2\"]}','{\"msg\":\"操作成功\",\"code\":0}',0,NULL,'2023-07-06 16:15:26',13),(375,'用户管理',1,'com.ruoyi.web.controller.system.SysUserController.addSave()','POST',1,'admin','研发部门','/system/user/add','127.0.0.1','内网IP','{\"deptId\":[\"103\"],\"userName\":[\"李建桦\"],\"deptName\":[\"软件工程\"],\"phonenumber\":[\"18520539175\"],\"email\":[\"yuay@yuay.ac.cn\"],\"loginName\":[\"SWE21026\"],\"sex\":[\"0\"],\"role\":[\"2\"],\"remark\":[\"\"],\"status\":[\"0\"],\"roleIds\":[\"2\"],\"postIds\":[\"2\"]}','{\"msg\":\"操作成功\",\"code\":0}',0,NULL,'2023-07-06 16:16:10',17),(376,'通知公告',3,'com.ruoyi.web.controller.system.SysNoticeController.remove()','POST',1,'admin','软件工程','/system/notice/remove','127.0.0.1','内网IP','{\"ids\":[\"1\"]}','{\"msg\":\"操作成功\",\"code\":0}',0,NULL,'2023-07-06 17:11:21',88),(377,'通知公告',3,'com.ruoyi.web.controller.system.SysNoticeController.remove()','POST',1,'admin','软件工程','/system/notice/remove','127.0.0.1','内网IP','{\"ids\":[\"2\"]}','{\"msg\":\"操作成功\",\"code\":0}',0,NULL,'2023-07-06 17:11:22',10),(378,'通知公告',1,'com.ruoyi.web.controller.system.SysNoticeController.addSave()','POST',1,'admin','软件工程','/system/notice/add','127.0.0.1','内网IP','{\"noticeTitle\":[\"这是一条公告测试\"],\"noticeType\":[\"2\"],\"noticeContent\":[\"<p><br></p>\"],\"status\":[\"0\"]}','{\"msg\":\"操作成功\",\"code\":0}',0,NULL,'2023-07-06 17:11:40',10),(379,'通知公告',3,'com.ruoyi.web.controller.system.SysNoticeController.remove()','POST',1,'admin','软件工程','/system/notice/remove','127.0.0.1','内网IP','{\"ids\":[\"10\"]}','{\"msg\":\"操作成功\",\"code\":0}',0,NULL,'2023-07-06 17:12:08',11),(380,'菜单管理',2,'com.ruoyi.web.controller.system.SysMenuController.editSave()','POST',1,'admin','软件工程','/system/menu/edit','127.0.0.1','内网IP','{\"menuId\":[\"2000\"],\"parentId\":[\"0\"],\"menuType\":[\"M\"],\"menuName\":[\"校园卡\"],\"url\":[\"#\"],\"target\":[\"menuItem\"],\"perms\":[\"\"],\"orderNum\":[\"1\"],\"icon\":[\"fa fa-drivers-license-o\"],\"visible\":[\"0\"],\"isRefresh\":[\"1\"]}','{\"msg\":\"操作成功\",\"code\":0}',0,NULL,'2023-07-06 17:16:22',81),(381,'菜单管理',1,'com.ruoyi.web.controller.system.SysMenuController.addSave()','POST',1,'admin','软件工程','/system/menu/add','127.0.0.1','内网IP','{\"parentId\":[\"0\"],\"menuType\":[\"M\"],\"menuName\":[\"消费系统\"],\"url\":[\"\"],\"target\":[\"menuItem\"],\"perms\":[\"\"],\"orderNum\":[\"4\"],\"icon\":[\"fa fa-credit-card\"],\"visible\":[\"0\"],\"isRefresh\":[\"1\"]}','{\"msg\":\"操作成功\",\"code\":0}',0,NULL,'2023-07-06 17:17:05',16),(382,'菜单管理',2,'com.ruoyi.web.controller.system.SysMenuController.editSave()','POST',1,'admin','软件工程','/system/menu/edit','127.0.0.1','内网IP','{\"menuId\":[\"2025\"],\"parentId\":[\"2037\"],\"menuType\":[\"C\"],\"menuName\":[\"充值\"],\"url\":[\"/system/cz\"],\"target\":[\"menuItem\"],\"perms\":[\"system:cz:view\"],\"orderNum\":[\"1\"],\"icon\":[\"#\"],\"visible\":[\"0\"],\"isRefresh\":[\"1\"]}','{\"msg\":\"操作成功\",\"code\":0}',0,NULL,'2023-07-06 17:17:18',16),(383,'菜单管理',1,'com.ruoyi.web.controller.system.SysMenuController.addSave()','POST',1,'admin','软件工程','/system/menu/add','127.0.0.1','内网IP','{\"parentId\":[\"0\"],\"menuType\":[\"M\"],\"menuName\":[\"充值系统\"],\"url\":[\"\"],\"target\":[\"menuItem\"],\"perms\":[\"\"],\"orderNum\":[\"5\"],\"icon\":[\"fa fa-credit-card-alt\"],\"visible\":[\"0\"],\"isRefresh\":[\"1\"]}','{\"msg\":\"操作成功\",\"code\":0}',0,NULL,'2023-07-06 17:17:37',14),(384,'菜单管理',2,'com.ruoyi.web.controller.system.SysMenuController.editSave()','POST',1,'admin','软件工程','/system/menu/edit','127.0.0.1','内网IP','{\"menuId\":[\"2038\"],\"parentId\":[\"0\"],\"menuType\":[\"M\"],\"menuName\":[\"充值系统\"],\"url\":[\"#\"],\"target\":[\"menuItem\"],\"perms\":[\"\"],\"orderNum\":[\"5\"],\"icon\":[\"fa fa-money\"],\"visible\":[\"0\"],\"isRefresh\":[\"1\"]}','{\"msg\":\"操作成功\",\"code\":0}',0,NULL,'2023-07-06 17:18:11',16),(385,'菜单管理',2,'com.ruoyi.web.controller.system.SysMenuController.editSave()','POST',1,'admin','软件工程','/system/menu/edit','127.0.0.1','内网IP','{\"menuId\":[\"2025\"],\"parentId\":[\"2038\"],\"menuType\":[\"C\"],\"menuName\":[\"充值\"],\"url\":[\"/system/cz\"],\"target\":[\"menuItem\"],\"perms\":[\"system:cz:view\"],\"orderNum\":[\"1\"],\"icon\":[\"#\"],\"visible\":[\"0\"],\"isRefresh\":[\"1\"]}','{\"msg\":\"操作成功\",\"code\":0}',0,NULL,'2023-07-06 17:18:27',14),(386,'菜单管理',2,'com.ruoyi.web.controller.system.SysMenuController.editSave()','POST',1,'admin','软件工程','/system/menu/edit','127.0.0.1','内网IP','{\"menuId\":[\"2031\"],\"parentId\":[\"2037\"],\"menuType\":[\"C\"],\"menuName\":[\"消费\"],\"url\":[\"/system/xf\"],\"target\":[\"menuItem\"],\"perms\":[\"system:xf:view\"],\"orderNum\":[\"1\"],\"icon\":[\"#\"],\"visible\":[\"0\"],\"isRefresh\":[\"1\"]}','{\"msg\":\"操作成功\",\"code\":0}',0,NULL,'2023-07-06 17:18:39',15),(387,'角色管理',2,'com.ruoyi.web.controller.system.SysRoleController.editSave()','POST',1,'admin','软件工程','/system/role/edit','127.0.0.1','内网IP','{\"roleId\":[\"100\"],\"roleName\":[\"管理员\"],\"roleKey\":[\"admin2\"],\"roleSort\":[\"3\"],\"status\":[\"0\"],\"remark\":[\"\"],\"menuIds\":[\"1,100,1000,1001,1002,1003,1004,1005,1006,103,1016,1017,1018,1019,104,1020,1021,1022,1023,1024,108,500,1039,1040,1041,1042,501,1043,1044,1045,1046,2000,2001,2002,2003,2005,2004,2,109,1047,1048,1049,111,112,113,2037,2031,2032,2033,2034,2035,2036,2038,2025,2026,2027,2028,2029,2030\"]}','{\"msg\":\"操作成功\",\"code\":0}',0,NULL,'2023-07-06 17:20:03',55),(388,'校园卡信息',3,'com.ruoyi.web.controller.system.CardController.remove()','POST',1,'admin123','厦门大学嘉庚学院','/system/card/remove','127.0.0.1','内网IP','{\"ids\":[\"118\"]}','{\"msg\":\"操作成功\",\"code\":0}',0,NULL,'2023-07-06 17:20:57',14),(389,'校园卡信息',1,'com.ruoyi.web.controller.system.CardController.addSave()','POST',1,'admin123','厦门大学嘉庚学院','/system/card/add','127.0.0.1','内网IP','{\"cardId\":[\"21026\"],\"cardName\":[\"SWE21026\"]}','{\"msg\":\"操作成功\",\"code\":0}',0,NULL,'2023-07-06 17:21:10',22),(390,'重置密码',2,'com.ruoyi.web.controller.system.SysUserController.resetPwdSave()','POST',1,'admin','软件工程','/system/user/resetPwd','127.0.0.1','内网IP','{\"userId\":[\"103\"],\"loginName\":[\"SWE21026\"]}','{\"msg\":\"操作成功\",\"code\":0}',0,NULL,'2023-07-06 17:22:09',12),(391,'角色管理',2,'com.ruoyi.web.controller.system.SysRoleController.authDataScopeSave()','POST',1,'admin','软件工程','/system/role/authDataScope','127.0.0.1','内网IP','{\"roleId\":[\"2\"],\"roleName\":[\"普通角色\"],\"roleKey\":[\"common\"],\"dataScope\":[\"2\"],\"deptIds\":[\"100,101,103,104,105,102,108,109\"]}','{\"msg\":\"操作成功\",\"code\":0}',0,NULL,'2023-07-06 17:23:23',17),(392,'角色管理',2,'com.ruoyi.web.controller.system.SysRoleController.editSave()','POST',1,'admin','软件工程','/system/role/edit','127.0.0.1','内网IP','{\"roleId\":[\"2\"],\"roleName\":[\"普通角色\"],\"roleKey\":[\"common\"],\"roleSort\":[\"2\"],\"status\":[\"0\"],\"remark\":[\"普通角色\"],\"menuIds\":[\"1,100,1000,1001,1002,1003,1004,1005,1006,103,1016,2000,2001,2005,2037,2031,2032,2033,2034,2035,2036,2038,2025,2026,2027,2028,2029,2030\"]}','{\"msg\":\"操作成功\",\"code\":0}',0,NULL,'2023-07-06 17:24:18',22),(393,'充值',1,'com.ruoyi.web.controller.system.CzTableController.addSave()','POST',1,'SWE21026','软件工程','/system/cz/add','127.0.0.1','内网IP','{\"id\":[\"1号机\"],\"amount\":[\"100.00\"],\"time\":[\"2023-07-06 17:30:54\"],\"cardId\":[\"21026\"]}',NULL,1,'Subject does not have permission [system:card:edit]','2023-07-06 17:31:05',59),(394,'充值',1,'com.ruoyi.web.controller.system.CzTableController.addSave()','POST',1,'SWE21026','软件工程','/system/cz/add','127.0.0.1','内网IP','{\"id\":[\"1号机\"],\"amount\":[\"100.00\"],\"time\":[\"2023-07-06 17:30:54\"],\"cardId\":[\"21026\"]}',NULL,1,'Subject does not have permission [system:card:edit]','2023-07-06 17:31:09',4),(395,'消费',1,'com.ruoyi.web.controller.system.XfTableController.addSave()','POST',1,'SWE21026','软件工程','/system/xf/add','127.0.0.1','内网IP','{\"id\":[\"1号机\"],\"amount\":[\"0\"],\"time\":[\"2023-07-06 17:32:18\"],\"cardId\":[\"21026\"]}',NULL,1,'Subject does not have permission [system:card:edit]','2023-07-06 17:32:21',21),(396,'校园卡信息',2,'com.ruoyi.web.controller.system.CardController.editSave()','POST',1,'admin123','厦门大学嘉庚学院','/system/cz/add','127.0.0.1','内网IP','{\"id\":[\"3号机\"],\"amount\":[\"50.00\"],\"time\":[\"2023-07-06 17:34:22\"],\"cardId\":[\"21026\"]}','{\"msg\":\"操作成功\",\"code\":0}',0,NULL,'2023-07-06 17:34:24',14),(397,'角色管理',2,'com.ruoyi.web.controller.system.SysRoleController.authDataScopeSave()','POST',1,'admin','软件工程','/system/role/authDataScope','127.0.0.1','内网IP','{\"roleId\":[\"2\"],\"roleName\":[\"普通角色\"],\"roleKey\":[\"common\"],\"dataScope\":[\"1\"],\"deptIds\":[\"\"]}','{\"msg\":\"操作成功\",\"code\":0}',0,NULL,'2023-07-06 17:34:52',33),(398,'充值',1,'com.ruoyi.web.controller.system.CzTableController.addSave()','POST',1,'SWE21026','软件工程','/system/cz/add','127.0.0.1','内网IP','{\"id\":[\"1号机\"],\"amount\":[\"200.00\"],\"time\":[\"2023-07-06 17:35:28\"],\"cardId\":[\"21026\"]}',NULL,1,'Subject does not have permission [system:card:edit]','2023-07-06 17:35:31',4),(399,'充值',1,'com.ruoyi.web.controller.system.CzTableController.addSave()','POST',1,'SWE21026','软件工程','/system/cz/add','127.0.0.1','内网IP','{\"id\":[\"1号机\"],\"amount\":[\"200.00\"],\"time\":[\"2023-07-06 17:35:28\"],\"cardId\":[\"21026\"]}',NULL,1,'Subject does not have permission [system:card:edit]','2023-07-06 17:35:34',4),(400,'充值',1,'com.ruoyi.web.controller.system.CzTableController.addSave()','POST',1,'SWE21026','软件工程','/system/cz/add','127.0.0.1','内网IP','{\"id\":[\"1号机\"],\"amount\":[\"200.00\"],\"time\":[\"2023-07-06 17:35:28\"],\"cardId\":[\"123\"]}',NULL,1,'Subject does not have permission [system:card:edit]','2023-07-06 17:36:35',4),(401,'消费',1,'com.ruoyi.web.controller.system.XfTableController.addSave()','POST',1,'SWE21026','软件工程','/system/xf/add','127.0.0.1','内网IP','{\"id\":[\"1号机\"],\"amount\":[\"12.5\"],\"time\":[\"2023-07-06 17:37:02\"],\"cardId\":[\"123\"]}',NULL,1,'Subject does not have permission [system:card:edit]','2023-07-06 17:37:05',4),(402,'角色管理',2,'com.ruoyi.web.controller.system.SysRoleController.authDataScopeSave()','POST',1,'admin','软件工程','/system/role/authDataScope','127.0.0.1','内网IP','{\"roleId\":[\"2\"],\"roleName\":[\"普通角色\"],\"roleKey\":[\"common\"],\"dataScope\":[\"1\"],\"deptIds\":[\"\"]}','{\"msg\":\"操作成功\",\"code\":0}',0,NULL,'2023-07-06 17:38:10',16),(403,'角色管理',2,'com.ruoyi.web.controller.system.SysRoleController.authDataScopeSave()','POST',1,'admin','软件工程','/system/role/authDataScope','127.0.0.1','内网IP','{\"roleId\":[\"100\"],\"roleName\":[\"管理员\"],\"roleKey\":[\"admin2\"],\"dataScope\":[\"1\"],\"deptIds\":[\"\"]}','{\"msg\":\"操作成功\",\"code\":0}',0,NULL,'2023-07-06 17:38:13',16),(404,'角色管理',2,'com.ruoyi.web.controller.system.SysRoleController.editSave()','POST',1,'admin','软件工程','/system/role/edit','127.0.0.1','内网IP','{\"roleId\":[\"2\"],\"roleName\":[\"普通角色\"],\"roleKey\":[\"common\"],\"roleSort\":[\"2\"],\"status\":[\"0\"],\"remark\":[\"普通角色\"],\"menuIds\":[\"1,100,1000,1001,1002,1003,1004,1005,1006,103,1016,2000,2001,2005,2037,2031,2032,2033,2034,2035,2036,2038,2025,2026,2027,2028,2029,2030\"]}','{\"msg\":\"操作成功\",\"code\":0}',0,NULL,'2023-07-06 17:51:02',59),(405,'消费',1,'com.ruoyi.web.controller.system.XfTableController.addSave()','POST',1,'SWE21026','软件工程','/system/xf/add','127.0.0.1','内网IP','{\"id\":[\"2号机\"],\"amount\":[\"12.5\"],\"time\":[\"2023-07-06 17:51:19\"],\"cardId\":[\"21026\"]}',NULL,1,'Subject does not have permission [system:card:edit]','2023-07-06 17:51:22',6),(406,'消费',1,'com.ruoyi.web.controller.system.XfTableController.addSave()','POST',1,'SWE21026','软件工程','/system/xf/add','127.0.0.1','内网IP','{\"id\":[\"2号机\"],\"amount\":[\"12.5\"],\"time\":[\"2023-07-06 17:51:19\"],\"cardId\":[\"21026\"]}',NULL,1,'Subject does not have permission [system:card:edit]','2023-07-06 17:51:24',3),(407,'用户管理',4,'com.ruoyi.web.controller.system.SysUserController.insertAuthRole()','POST',1,'admin','软件工程','/system/user/authRole/insertAuthRole','127.0.0.1','内网IP','{\"userId\":[\"103\"],\"roleIds\":[\"100\"]}','{\"msg\":\"操作成功\",\"code\":0}',0,NULL,'2023-07-06 17:56:54',13),(408,'角色管理',3,'com.ruoyi.web.controller.system.SysRoleController.remove()','POST',1,'admin','软件工程','/system/role/remove','127.0.0.1','内网IP','{\"ids\":[\"2\"]}',NULL,1,'普通角色已分配,不能删除','2023-07-06 17:57:04',9),(409,'角色管理',4,'com.ruoyi.web.controller.system.SysRoleController.cancelAuthUserAll()','POST',1,'admin','软件工程','/system/role/authUser/cancelAll','127.0.0.1','内网IP','{\"roleId\":[\"2\"],\"userIds\":[\"100,2\"]}','{\"msg\":\"操作成功\",\"code\":0}',0,NULL,'2023-07-06 17:57:12',13),(410,'角色管理',3,'com.ruoyi.web.controller.system.SysRoleController.remove()','POST',1,'admin','软件工程','/system/role/remove','127.0.0.1','内网IP','{\"ids\":[\"2\"]}','{\"msg\":\"操作成功\",\"code\":0}',0,NULL,'2023-07-06 17:57:16',20),(411,'角色管理',1,'com.ruoyi.web.controller.system.SysRoleController.addSave()','POST',1,'admin','软件工程','/system/role/add','127.0.0.1','内网IP','{\"roleName\":[\"普通角色\"],\"roleKey\":[\"common\"],\"roleSort\":[\"2\"],\"status\":[\"0\"],\"remark\":[\"\"],\"menuIds\":[\"1,100,1000,103,1016,104,1020,2000,2001,2002,2003,2005,2004,2037,2031,2032,2033,2034,2035,2036,2038,2025,2026,2027,2028,2029,2030\"]}','{\"msg\":\"操作成功\",\"code\":0}',0,NULL,'2023-07-06 17:58:00',31),(412,'角色管理',4,'com.ruoyi.web.controller.system.SysRoleController.selectAuthUserAll()','POST',1,'admin','软件工程','/system/role/authUser/selectAll','127.0.0.1','内网IP','{\"roleId\":[\"101\"],\"userIds\":[\"103,2,100\"]}','{\"msg\":\"操作成功\",\"code\":0}',0,NULL,'2023-07-06 17:58:13',11),(413,'用户管理',4,'com.ruoyi.web.controller.system.SysUserController.insertAuthRole()','POST',1,'admin','软件工程','/system/user/authRole/insertAuthRole','127.0.0.1','内网IP','{\"userId\":[\"103\"],\"roleIds\":[\"101\"]}','{\"msg\":\"操作成功\",\"code\":0}',0,NULL,'2023-07-06 18:00:30',80),(414,'校园卡信息',2,'com.ruoyi.web.controller.system.CardController.editSave()','POST',1,'SWE21026','软件工程','/system/cz/add','127.0.0.1','内网IP','{\"id\":[\"1号机\"],\"amount\":[\"50.00\"],\"time\":[\"2023-07-05 23:22:08\"],\"cardId\":[\"21026\"]}','{\"msg\":\"操作成功\",\"code\":0}',0,NULL,'2023-07-06 18:01:03',12),(415,'校园卡信息',2,'com.ruoyi.web.controller.system.CardController.editSave()','POST',1,'SWE21026','软件工程','/system/cz/add','127.0.0.1','内网IP','{\"id\":[\"1号机\"],\"amount\":[\"50.00\"],\"time\":[\"2023-07-05 23:22:08\"],\"cardId\":[\"123\"]}','{\"msg\":\"操作成功\",\"code\":0}',0,NULL,'2023-07-06 18:01:12',9),(416,'消费',1,'com.ruoyi.web.controller.system.XfTableController.addSave()','POST',1,'SWE21026','软件工程','/system/xf/add','127.0.0.1','内网IP','{\"id\":[\"1号机\"],\"amount\":[\"12.5\"],\"time\":[\"2023-07-06 18:16:03\"],\"cardId\":[\"123\"]}',NULL,1,'请输入正确的卡号！','2023-07-06 18:16:09',55),(417,'校园卡信息',2,'com.ruoyi.web.controller.system.CardController.editSave()','POST',1,'SWE21026','软件工程','/system/xf/add','127.0.0.1','内网IP','{\"id\":[\"1号机\"],\"amount\":[\"12.5\"],\"time\":[\"2023-07-06 18:16:03\"],\"cardId\":[\"21026\"]}','{\"msg\":\"操作成功\",\"code\":0}',0,NULL,'2023-07-06 18:16:16',11),(418,'角色管理',2,'com.ruoyi.web.controller.system.SysRoleController.editSave()','POST',1,'admin','软件工程','/system/role/edit','127.0.0.1','内网IP','{\"roleId\":[\"101\"],\"roleName\":[\"普通用戶\"],\"roleKey\":[\"common\"],\"roleSort\":[\"2\"],\"status\":[\"0\"],\"remark\":[\"\"],\"menuIds\":[\"1,103,1016,104,1020,2000,2001,2002,2003,2005,2004,2037,2031,2032,2033,2034,2035,2036,2038,2025,2026,2027,2028,2029,2030\"]}','{\"msg\":\"操作成功\",\"code\":0}',0,NULL,'2023-07-06 18:16:43',37),(419,'菜单管理',2,'com.ruoyi.web.controller.system.SysMenuController.editSave()','POST',1,'admin','软件工程','/system/menu/edit','127.0.0.1','内网IP','{\"menuId\":[\"2001\"],\"parentId\":[\"2000\"],\"menuType\":[\"C\"],\"menuName\":[\"卡信息\"],\"url\":[\"/system/card\"],\"target\":[\"menuItem\"],\"perms\":[\"system:card:view\"],\"orderNum\":[\"1\"],\"icon\":[\"#\"],\"visible\":[\"0\"],\"isRefresh\":[\"0\"]}','{\"msg\":\"操作成功\",\"code\":0}',0,NULL,'2023-07-06 18:16:53',17),(420,'个人信息',2,'com.ruoyi.web.controller.system.SysProfileController.updateAvatar()','POST',1,'admin','软件工程','/system/user/profile/updateAvatar','127.0.0.1','内网IP','','{\"msg\":\"操作成功\",\"code\":0}',0,NULL,'2023-07-06 18:21:20',106),(421,'个人信息',2,'com.ruoyi.web.controller.system.SysProfileController.updateAvatar()','POST',1,'SWE21026','软件工程','/system/user/profile/updateAvatar','127.0.0.1','内网IP','','{\"msg\":\"操作成功\",\"code\":0}',0,NULL,'2023-07-06 18:22:51',116),(422,'校园卡信息',3,'com.ruoyi.web.controller.system.CardController.remove()','POST',1,'admin123','厦门大学嘉庚学院','/system/card/remove','127.0.0.1','内网IP','{\"ids\":[\"117\"]}','{\"msg\":\"操作成功\",\"code\":0}',0,NULL,'2023-07-06 18:30:02',65),(423,'用户管理',3,'com.ruoyi.web.controller.system.SysUserController.remove()','POST',1,'admin123','厦门大学嘉庚学院','/system/user/remove','127.0.0.1','内网IP','{\"ids\":[\"100\"]}','{\"msg\":\"操作成功\",\"code\":0}',0,NULL,'2023-07-06 18:30:09',30),(424,'用户管理',3,'com.ruoyi.web.controller.system.SysUserController.remove()','POST',1,'admin123','厦门大学嘉庚学院','/system/user/remove','127.0.0.1','内网IP','{\"ids\":[\"1\"]}',NULL,1,'不允许操作超级管理员用户','2023-07-06 18:30:18',3),(425,'用户管理',3,'com.ruoyi.web.controller.system.SysUserController.remove()','POST',1,'admin123','厦门大学嘉庚学院','/system/user/remove','127.0.0.1','内网IP','{\"ids\":[\"2\"]}','{\"msg\":\"操作成功\",\"code\":0}',0,NULL,'2023-07-06 18:30:23',18),(426,'用户管理',2,'com.ruoyi.web.controller.system.SysUserController.editSave()','POST',1,'admin123','厦门大学嘉庚学院','/system/user/edit','127.0.0.1','内网IP','{\"userId\":[\"103\"],\"deptId\":[\"103\"],\"userName\":[\"Betula\"],\"dept.deptName\":[\"软件工程\"],\"phonenumber\":[\"18520539175\"],\"email\":[\"yuay@yuay.ac.cn\"],\"loginName\":[\"SWE21026\"],\"sex\":[\"0\"],\"role\":[\"101\"],\"remark\":[\"\"],\"status\":[\"0\"],\"roleIds\":[\"101\"],\"postIds\":[\"2\"]}','{\"msg\":\"操作成功\",\"code\":0}',0,NULL,'2023-07-06 18:32:05',39),(427,'用户管理',1,'com.ruoyi.web.controller.system.SysUserController.addSave()','POST',1,'admin123','厦门大学嘉庚学院','/system/user/add','127.0.0.1','内网IP','{\"deptId\":[\"103\"],\"userName\":[\"Lauar\"],\"deptName\":[\"软件工程\"],\"phonenumber\":[\"19888888888\"],\"email\":[\"\"],\"loginName\":[\"SWE21021\"],\"sex\":[\"0\"],\"remark\":[\"\"],\"status\":[\"0\"],\"roleIds\":[\"\"],\"postIds\":[\"2\"]}','{\"msg\":\"操作成功\",\"code\":0}',0,NULL,'2023-07-06 18:33:01',20),(428,'用户管理',4,'com.ruoyi.web.controller.system.SysUserController.insertAuthRole()','POST',1,'admin123','厦门大学嘉庚学院','/system/user/authRole/insertAuthRole','127.0.0.1','内网IP','{\"userId\":[\"104\"],\"roleIds\":[\"101\"]}','{\"msg\":\"操作成功\",\"code\":0}',0,NULL,'2023-07-06 18:33:15',12),(429,'校园卡信息',1,'com.ruoyi.web.controller.system.CardController.addSave()','POST',1,'admin123','厦门大学嘉庚学院','/system/card/add','127.0.0.1','内网IP','{\"cardId\":[\"21026\"],\"cardName\":[\"21026\"]}','{\"msg\":\"新增卡号 \'21026\' 失败，卡号已存在！\",\"code\":500}',0,NULL,'2023-07-06 18:33:33',3),(430,'校园卡信息',1,'com.ruoyi.web.controller.system.CardController.addSave()','POST',1,'admin123','厦门大学嘉庚学院','/system/card/add','127.0.0.1','内网IP','{\"cardId\":[\"124124\"],\"cardName\":[\"21026\"]}','{\"msg\":\"操作成功\",\"code\":0}',0,NULL,'2023-07-06 18:33:37',10),(431,'校园卡信息',3,'com.ruoyi.web.controller.system.CardController.remove()','POST',1,'admin123','厦门大学嘉庚学院','/system/card/remove','127.0.0.1','内网IP','{\"ids\":[\"120\"]}','{\"msg\":\"操作成功\",\"code\":0}',0,NULL,'2023-07-06 18:33:46',9),(432,'菜单管理',2,'com.ruoyi.web.controller.system.SysMenuController.editSave()','POST',1,'admin','软件工程','/system/menu/edit','127.0.0.1','内网IP','{\"menuId\":[\"2037\"],\"parentId\":[\"0\"],\"menuType\":[\"M\"],\"menuName\":[\"消费系统\"],\"url\":[\"#\"],\"target\":[\"menuItem\"],\"perms\":[\"\"],\"orderNum\":[\"3\"],\"icon\":[\"fa fa-credit-card\"],\"visible\":[\"0\"],\"isRefresh\":[\"1\"]}','{\"msg\":\"操作成功\",\"code\":0}',0,NULL,'2023-07-06 18:59:00',64),(433,'菜单管理',2,'com.ruoyi.web.controller.system.SysMenuController.editSave()','POST',1,'admin','软件工程','/system/menu/edit','127.0.0.1','内网IP','{\"menuId\":[\"2038\"],\"parentId\":[\"0\"],\"menuType\":[\"M\"],\"menuName\":[\"充值系统\"],\"url\":[\"#\"],\"target\":[\"menuItem\"],\"perms\":[\"\"],\"orderNum\":[\"4\"],\"icon\":[\"fa fa-money\"],\"visible\":[\"0\"],\"isRefresh\":[\"1\"]}','{\"msg\":\"操作成功\",\"code\":0}',0,NULL,'2023-07-06 18:59:05',23),(434,'菜单管理',2,'com.ruoyi.web.controller.system.SysMenuController.editSave()','POST',1,'admin','软件工程','/system/menu/edit','127.0.0.1','内网IP','{\"menuId\":[\"2\"],\"parentId\":[\"0\"],\"menuType\":[\"M\"],\"menuName\":[\"系统监控\"],\"url\":[\"#\"],\"target\":[\"menuItem\"],\"perms\":[\"\"],\"orderNum\":[\"5\"],\"icon\":[\"fa fa-video-camera\"],\"visible\":[\"0\"],\"isRefresh\":[\"1\"]}','{\"msg\":\"操作成功\",\"code\":0}',0,NULL,'2023-07-06 18:59:10',14),(435,'校园卡信息',1,'com.ruoyi.web.controller.system.CardController.addSave()','POST',1,'admin123','厦门大学嘉庚学院','/system/card/add','127.0.0.1','内网IP','{\"cardId\":[\"21026\"],\"cardName\":[\"1\"]}','{\"msg\":\"新增卡号 \'21026\' 失败，卡号已存在！\",\"code\":500}',0,NULL,'2023-07-06 19:10:45',56),(436,'校园卡信息',1,'com.ruoyi.web.controller.system.CardController.addSave()','POST',1,'admin123','厦门大学嘉庚学院','/system/card/add','127.0.0.1','内网IP','{\"cardId\":[\"123466\"],\"cardName\":[\"swe2123\"]}','{\"msg\":\"账号 \'swe2123\' 不存在！\",\"code\":500}',0,NULL,'2023-07-06 19:10:56',6),(437,'校园卡信息',1,'com.ruoyi.web.controller.system.CardController.addSave()','POST',1,'admin123','厦门大学嘉庚学院','/system/card/add','127.0.0.1','内网IP','{\"cardId\":[\"21021\"],\"cardName\":[\"SWE21021\"]}','{\"msg\":\"操作成功\",\"code\":0}',0,NULL,'2023-07-06 19:13:21',22),(438,'消费',3,'com.ruoyi.web.controller.system.XfTableController.remove()','POST',1,'admin123','厦门大学嘉庚学院','/system/xf/remove','127.0.0.1','内网IP','{\"ids\":[\"2,3,4\"]}','{\"msg\":\"操作成功\",\"code\":0}',0,NULL,'2023-07-06 19:13:50',19),(439,'充值',3,'com.ruoyi.web.controller.system.CzTableController.remove()','POST',1,'admin123','厦门大学嘉庚学院','/system/cz/remove','127.0.0.1','内网IP','{\"ids\":[\"85,88,89,90,91,92,93\"]}','{\"msg\":\"操作成功\",\"code\":0}',0,NULL,'2023-07-06 19:13:56',14),(440,'校园卡信息',2,'com.ruoyi.web.controller.system.CardController.editSave()','POST',1,'admin123','厦门大学嘉庚学院','/system/card/edit','127.0.0.1','内网IP','{\"cardNum\":[\"119\"],\"balance\":[\"0.00\"]}','{\"msg\":\"操作成功\",\"code\":0}',0,NULL,'2023-07-06 19:14:06',10),(441,'充值',1,'com.ruoyi.web.controller.system.CzTableController.addSave()','POST',1,'admin','软件工程','/system/cz/add','127.0.0.1','内网IP','{\"id\":[\"1号机\"],\"amount\":[\"50.00\"],\"time\":[\"2023-07-06 19:17:51\"],\"cardId\":[\"123\"]}',NULL,1,'','2023-07-06 19:17:51',54),(442,'充值',1,'com.ruoyi.web.controller.system.CzTableController.addSave()','POST',1,'admin','软件工程','/system/cz/add','127.0.0.1','内网IP','{\"id\":[\"1号机\"],\"amount\":[\"50.00\"],\"time\":[\"2023-07-06 19:18:05\"],\"cardId\":[\"SWE21026\"]}',NULL,1,'','2023-07-06 19:18:12',4),(443,'校园卡信息',2,'com.ruoyi.web.controller.system.CardController.editSave()','POST',1,'admin','软件工程','/system/cz/add','127.0.0.1','内网IP','{\"id\":[\"1号机\"],\"amount\":[\"50.00\"],\"time\":[\"2023-07-06 19:18:23\"],\"cardId\":[\"21026\"]}','{\"msg\":\"操作成功\",\"code\":0}',0,NULL,'2023-07-06 19:18:34',14),(444,'消费',1,'com.ruoyi.web.controller.system.XfTableController.addSave()','POST',1,'admin','软件工程','/system/xf/add','127.0.0.1','内网IP','{\"id\":[\"1号机\"],\"amount\":[\"12.5\"],\"time\":[\"2023-07-06 19:30:21\"],\"cardId\":[\"1\"]}','{\"msg\":\"卡号 \'1\' 不存在！\",\"code\":500}',0,NULL,'2023-07-06 19:30:23',52),(445,'消费',1,'com.ruoyi.web.controller.system.XfTableController.addSave()','POST',1,'admin','软件工程','/system/xf/add','127.0.0.1','内网IP','{\"id\":[\"1号机\"],\"amount\":[\"12.5\"],\"time\":[\"2023-07-06 19:30:21\"],\"cardId\":[\"1\"]}','{\"msg\":\"卡号 \'1\' 不存在！\",\"code\":500}',0,NULL,'2023-07-06 19:30:25',9),(446,'充值',1,'com.ruoyi.web.controller.system.CzTableController.addSave()','POST',1,'admin','软件工程','/system/cz/add','127.0.0.1','内网IP','{\"id\":[\"1号机\"],\"amount\":[\"50.00\"],\"time\":[\"2023-07-06 19:30:35\"],\"cardId\":[\"123\"]}','{\"msg\":\"卡号 \'123\' 不存在！\",\"code\":500}',0,NULL,'2023-07-06 19:30:36',5),(447,'充值',2,'com.ruoyi.web.controller.system.CzTableController.editSave()','POST',1,'admin','软件工程','/system/cz/edit','127.0.0.1','内网IP','{\"rid\":[\"94\"],\"time\":[\"2023-07-06 19:38:31\"],\"cardId\":[\"21026\"]}','{\"msg\":\"操作成功\",\"code\":0}',0,NULL,'2023-07-06 19:38:32',51),(448,'充值',2,'com.ruoyi.web.controller.system.CzTableController.editSave()','POST',1,'admin','软件工程','/system/cz/edit','127.0.0.1','内网IP','{\"rid\":[\"94\"],\"time\":[\"2023-07-06 19:38:44\"],\"cardId\":[\"21026\"]}','{\"msg\":\"操作成功\",\"code\":0}',0,NULL,'2023-07-06 19:38:45',8),(449,'校园卡信息',2,'com.ruoyi.web.controller.system.CardController.editSave()','POST',1,'admin','软件工程','/system/xf/add','127.0.0.1','内网IP','{\"id\":[\"1号机\"],\"amount\":[\"12.5\"],\"time\":[\"2023-07-05 23:22:08\"],\"cardId\":[\"21026\"]}','{\"msg\":\"操作成功\",\"code\":0}',0,NULL,'2023-07-06 19:39:04',9),(450,'校园卡信息',2,'com.ruoyi.web.controller.system.CardController.editSave()','POST',1,'admin','软件工程','/system/xf/add','127.0.0.1','内网IP','{\"id\":[\"2号机\"],\"amount\":[\"13.5\"],\"time\":[\"2023-07-06 19:54:00\"],\"cardId\":[\"21026\"]}','{\"msg\":\"操作成功\",\"code\":0}',0,NULL,'2023-07-06 19:54:03',53),(451,'消费',3,'com.ruoyi.web.controller.system.XfTableController.remove()','POST',1,'admin','软件工程','/system/xf/remove','127.0.0.1','内网IP','{\"ids\":[\"5\"]}','{\"msg\":\"操作成功\",\"code\":0}',0,NULL,'2023-07-06 19:54:36',13),(452,'消费',3,'com.ruoyi.web.controller.system.XfTableController.remove()','POST',1,'admin','软件工程','/system/xf/remove','127.0.0.1','内网IP','{\"ids\":[\"6\"]}','{\"msg\":\"操作成功\",\"code\":0}',0,NULL,'2023-07-06 19:54:38',7),(453,'校园卡信息',2,'com.ruoyi.web.controller.system.CardController.editSave()','POST',1,'admin','软件工程','/system/cz/add','127.0.0.1','内网IP','{\"id\":[\"1号机\"],\"amount\":[\"50.00\"],\"time\":[\"2023-07-06\"],\"cardId\":[\"21021\"]}','{\"msg\":\"操作成功\",\"code\":0}',0,NULL,'2023-07-06 20:06:08',55),(454,'校园卡信息',2,'com.ruoyi.web.controller.system.CardController.editSave()','POST',1,'admin','软件工程','/system/xf/add','127.0.0.1','内网IP','{\"id\":[\"1号机\"],\"amount\":[\"12.5\"],\"time\":[\"2023-07-06\"],\"cardId\":[\"21021\"]}','{\"msg\":\"操作成功\",\"code\":0}',0,NULL,'2023-07-06 20:10:19',62);
/*!40000 ALTER TABLE `sys_oper_log` ENABLE KEYS */;
UNLOCK TABLES;

--
-- Table structure for table `sys_post`
--

DROP TABLE IF EXISTS `sys_post`;
/*!40101 SET @saved_cs_client     = @@character_set_client */;
/*!50503 SET character_set_client = utf8mb4 */;
CREATE TABLE `sys_post` (
                            `post_id` bigint NOT NULL AUTO_INCREMENT COMMENT '岗位ID',
                            `post_code` varchar(64) NOT NULL COMMENT '岗位编码',
                            `post_name` varchar(50) NOT NULL COMMENT '岗位名称',
                            `post_sort` int NOT NULL COMMENT '显示顺序',
                            `status` char(1) NOT NULL COMMENT '状态（0正常 1停用）',
                            `create_by` varchar(64) DEFAULT '' COMMENT '创建者',
                            `create_time` datetime DEFAULT NULL COMMENT '创建时间',
                            `update_by` varchar(64) DEFAULT '' COMMENT '更新者',
                            `update_time` datetime DEFAULT NULL COMMENT '更新时间',
                            `remark` varchar(500) DEFAULT NULL COMMENT '备注',
                            PRIMARY KEY (`post_id`)
) ENGINE=InnoDB AUTO_INCREMENT=5 DEFAULT CHARSET=utf8mb4 COLLATE=utf8mb4_0900_ai_ci COMMENT='岗位信息表';
/*!40101 SET character_set_client = @saved_cs_client */;

--
-- Dumping data for table `sys_post`
--

LOCK TABLES `sys_post` WRITE;
/*!40000 ALTER TABLE `sys_post` DISABLE KEYS */;
INSERT INTO `sys_post` VALUES (1,'adm','管理员',1,'0','admin','2023-06-27 20:26:32','admin','2023-07-06 16:14:54',''),(2,'user','普通用户',2,'0','admin','2023-06-27 20:26:32','admin','2023-07-06 16:14:40','');
/*!40000 ALTER TABLE `sys_post` ENABLE KEYS */;
UNLOCK TABLES;

--
-- Table structure for table `sys_role`
--

DROP TABLE IF EXISTS `sys_role`;
/*!40101 SET @saved_cs_client     = @@character_set_client */;
/*!50503 SET character_set_client = utf8mb4 */;
CREATE TABLE `sys_role` (
                            `role_id` bigint NOT NULL AUTO_INCREMENT COMMENT '角色ID',
                            `role_name` varchar(30) NOT NULL COMMENT '角色名称',
                            `role_key` varchar(100) NOT NULL COMMENT '角色权限字符串',
                            `role_sort` int NOT NULL COMMENT '显示顺序',
                            `data_scope` char(1) DEFAULT '1' COMMENT '数据范围（1：全部数据权限 2：自定数据权限 3：本部门数据权限 4：本部门及以下数据权限）',
                            `status` char(1) NOT NULL COMMENT '角色状态（0正常 1停用）',
                            `del_flag` char(1) DEFAULT '0' COMMENT '删除标志（0代表存在 2代表删除）',
                            `create_by` varchar(64) DEFAULT '' COMMENT '创建者',
                            `create_time` datetime DEFAULT NULL COMMENT '创建时间',
                            `update_by` varchar(64) DEFAULT '' COMMENT '更新者',
                            `update_time` datetime DEFAULT NULL COMMENT '更新时间',
                            `remark` varchar(500) DEFAULT NULL COMMENT '备注',
                            PRIMARY KEY (`role_id`)
) ENGINE=InnoDB AUTO_INCREMENT=102 DEFAULT CHARSET=utf8mb4 COLLATE=utf8mb4_0900_ai_ci COMMENT='角色信息表';
/*!40101 SET character_set_client = @saved_cs_client */;

--
-- Dumping data for table `sys_role`
--

LOCK TABLES `sys_role` WRITE;
/*!40000 ALTER TABLE `sys_role` DISABLE KEYS */;
INSERT INTO `sys_role` VALUES (1,'超级管理员','admin',1,'1','0','0','admin','2023-06-27 20:26:32','',NULL,'超级管理员'),(100,'管理员','admin2',3,'1','0','0','admin','2023-07-06 16:13:09','admin','2023-07-06 17:38:13',''),(101,'普通用戶','common',2,'1','0','0','admin','2023-07-06 17:58:00','admin','2023-07-06 18:16:43','');
/*!40000 ALTER TABLE `sys_role` ENABLE KEYS */;
UNLOCK TABLES;

--
-- Table structure for table `sys_role_dept`
--

DROP TABLE IF EXISTS `sys_role_dept`;
/*!40101 SET @saved_cs_client     = @@character_set_client */;
/*!50503 SET character_set_client = utf8mb4 */;
CREATE TABLE `sys_role_dept` (
                                 `role_id` bigint NOT NULL COMMENT '角色ID',
                                 `dept_id` bigint NOT NULL COMMENT '部门ID',
                                 PRIMARY KEY (`role_id`,`dept_id`)
) ENGINE=InnoDB DEFAULT CHARSET=utf8mb4 COLLATE=utf8mb4_0900_ai_ci COMMENT='角色和部门关联表';
/*!40101 SET character_set_client = @saved_cs_client */;

--
-- Dumping data for table `sys_role_dept`
--

LOCK TABLES `sys_role_dept` WRITE;
/*!40000 ALTER TABLE `sys_role_dept` DISABLE KEYS */;
/*!40000 ALTER TABLE `sys_role_dept` ENABLE KEYS */;
UNLOCK TABLES;

--
-- Table structure for table `sys_role_menu`
--

DROP TABLE IF EXISTS `sys_role_menu`;
/*!40101 SET @saved_cs_client     = @@character_set_client */;
/*!50503 SET character_set_client = utf8mb4 */;
CREATE TABLE `sys_role_menu` (
                                 `role_id` bigint NOT NULL COMMENT '角色ID',
                                 `menu_id` bigint NOT NULL COMMENT '菜单ID',
                                 PRIMARY KEY (`role_id`,`menu_id`)
) ENGINE=InnoDB DEFAULT CHARSET=utf8mb4 COLLATE=utf8mb4_0900_ai_ci COMMENT='角色和菜单关联表';
/*!40101 SET character_set_client = @saved_cs_client */;

--
-- Dumping data for table `sys_role_menu`
--

LOCK TABLES `sys_role_menu` WRITE;
/*!40000 ALTER TABLE `sys_role_menu` DISABLE KEYS */;
INSERT INTO `sys_role_menu` VALUES (100,1),(100,2),(100,100),(100,103),(100,104),(100,108),(100,109),(100,111),(100,112),(100,113),(100,500),(100,501),(100,1000),(100,1001),(100,1002),(100,1003),(100,1004),(100,1005),(100,1006),(100,1016),(100,1017),(100,1018),(100,1019),(100,1020),(100,1021),(100,1022),(100,1023),(100,1024),(100,1039),(100,1040),(100,1041),(100,1042),(100,1043),(100,1044),(100,1045),(100,1046),(100,1047),(100,1048),(100,1049),(100,2000),(100,2001),(100,2002),(100,2003),(100,2004),(100,2005),(100,2025),(100,2026),(100,2027),(100,2028),(100,2029),(100,2030),(100,2031),(100,2032),(100,2033),(100,2034),(100,2035),(100,2036),(100,2037),(100,2038),(101,1),(101,103),(101,104),(101,1016),(101,1020),(101,2000),(101,2001),(101,2002),(101,2003),(101,2004),(101,2005),(101,2025),(101,2026),(101,2027),(101,2028),(101,2029),(101,2030),(101,2031),(101,2032),(101,2033),(101,2034),(101,2035),(101,2036),(101,2037),(101,2038);
/*!40000 ALTER TABLE `sys_role_menu` ENABLE KEYS */;
UNLOCK TABLES;

--
-- Table structure for table `sys_user`
--

DROP TABLE IF EXISTS `sys_user`;
/*!40101 SET @saved_cs_client     = @@character_set_client */;
/*!50503 SET character_set_client = utf8mb4 */;
CREATE TABLE `sys_user` (
                            `user_id` bigint NOT NULL AUTO_INCREMENT COMMENT '用户ID',
                            `dept_id` bigint DEFAULT NULL COMMENT '部门ID',
                            `login_name` varchar(30) NOT NULL COMMENT '登录账号',
                            `user_name` varchar(30) DEFAULT '' COMMENT '用户昵称',
                            `user_type` varchar(2) DEFAULT '00' COMMENT '用户类型（00系统用户 01注册用户）',
                            `email` varchar(50) DEFAULT '' COMMENT '用户邮箱',
                            `phonenumber` varchar(11) DEFAULT '' COMMENT '手机号码',
                            `sex` char(1) DEFAULT '0' COMMENT '用户性别（0男 1女 2未知）',
                            `avatar` varchar(100) DEFAULT '' COMMENT '头像路径',
                            `password` varchar(50) DEFAULT '' COMMENT '密码',
                            `salt` varchar(20) DEFAULT '' COMMENT '盐加密',
                            `status` char(1) DEFAULT '0' COMMENT '帐号状态（0正常 1停用）',
                            `del_flag` char(1) DEFAULT '0' COMMENT '删除标志（0代表存在 2代表删除）',
                            `login_ip` varchar(128) DEFAULT '' COMMENT '最后登录IP',
                            `login_date` datetime DEFAULT NULL COMMENT '最后登录时间',
                            `pwd_update_date` datetime DEFAULT NULL COMMENT '密码最后更新时间',
                            `create_by` varchar(64) DEFAULT '' COMMENT '创建者',
                            `create_time` datetime DEFAULT NULL COMMENT '创建时间',
                            `update_by` varchar(64) DEFAULT '' COMMENT '更新者',
                            `update_time` datetime DEFAULT NULL COMMENT '更新时间',
                            `remark` varchar(500) DEFAULT NULL COMMENT '备注',
                            PRIMARY KEY (`user_id`)
) ENGINE=InnoDB AUTO_INCREMENT=105 DEFAULT CHARSET=utf8mb4 COLLATE=utf8mb4_0900_ai_ci COMMENT='用户信息表';
/*!40101 SET character_set_client = @saved_cs_client */;

--
-- Dumping data for table `sys_user`
--

LOCK TABLES `sys_user` WRITE;
/*!40000 ALTER TABLE `sys_user` DISABLE KEYS */;
INSERT INTO `sys_user` VALUES (1,103,'admin','若依','00','ry@163.com','15888888888','1','/profile/avatar/2023/07/06/blob_20230706182120A001.png','29c67a30398638269fe600f73a054934','111111','0','0','127.0.0.1','2023-07-06 21:28:37','2023-06-27 20:26:32','admin','2023-06-27 20:26:32','','2023-07-06 21:28:36','管理员'),(2,105,'ry','若依','00','ry@qq.com','15666666666','1','','8e6d98b90472783cc73c17047ddccf36','222222','0','2','127.0.0.1','2023-06-29 21:10:07','2023-06-27 20:26:32','admin','2023-06-27 20:26:32','','2023-06-29 21:10:07','测试员'),(100,103,'user','user','00','','','0','','490c9bebca0ec746fe42c14b7408e83e','c818cd','0','2','127.0.0.1','2023-07-06 00:03:45',NULL,'admin','2023-06-30 14:58:37','admin','2023-07-06 16:15:15',''),(101,NULL,'SWE21026','李建桦','00','','','0','','9607b6fcd200712edb8dbe108d9c16df','a2359a','0','2','',NULL,NULL,'admin','2023-07-06 16:05:35','',NULL,NULL),(102,100,'admin123','管理员','00','','','0','','4301e886c47daddbf77048a67e685202','4f6f13','0','0','127.0.0.1','2023-07-06 19:10:30',NULL,'admin','2023-07-06 16:13:44','','2023-07-06 19:10:29',NULL),(103,103,'SWE21026','Betula','00','yuay@yuay.ac.cn','18520539175','0','/profile/avatar/2023/07/06/blob_20230706182251A001.png','f4c8b2e418c466aee3b1a894d501da1c','7178b6','0','0','127.0.0.1','2023-07-06 18:17:19',NULL,'admin','2023-07-06 16:16:10','admin123','2023-07-06 18:32:05',''),(104,103,'SWE21021','Lauar','00','','19888888888','0','','91843eda9325c713b91aba53ea1bda7e','97f658','0','0','',NULL,NULL,'admin123','2023-07-06 18:33:01','',NULL,NULL);
/*!40000 ALTER TABLE `sys_user` ENABLE KEYS */;
UNLOCK TABLES;

--
-- Table structure for table `sys_user_online`
--

DROP TABLE IF EXISTS `sys_user_online`;
/*!40101 SET @saved_cs_client     = @@character_set_client */;
/*!50503 SET character_set_client = utf8mb4 */;
CREATE TABLE `sys_user_online` (
                                   `sessionId` varchar(50) NOT NULL DEFAULT '' COMMENT '用户会话id',
                                   `login_name` varchar(50) DEFAULT '' COMMENT '登录账号',
                                   `dept_name` varchar(50) DEFAULT '' COMMENT '部门名称',
                                   `ipaddr` varchar(128) DEFAULT '' COMMENT '登录IP地址',
                                   `login_location` varchar(255) DEFAULT '' COMMENT '登录地点',
                                   `browser` varchar(50) DEFAULT '' COMMENT '浏览器类型',
                                   `os` varchar(50) DEFAULT '' COMMENT '操作系统',
                                   `status` varchar(10) DEFAULT '' COMMENT '在线状态on_line在线off_line离线',
                                   `start_timestamp` datetime DEFAULT NULL COMMENT 'session创建时间',
                                   `last_access_time` datetime DEFAULT NULL COMMENT 'session最后访问时间',
                                   `expire_time` int DEFAULT '0' COMMENT '超时时间，单位为分钟',
                                   PRIMARY KEY (`sessionId`)
) ENGINE=InnoDB DEFAULT CHARSET=utf8mb4 COLLATE=utf8mb4_0900_ai_ci COMMENT='在线用户记录';
/*!40101 SET character_set_client = @saved_cs_client */;

--
-- Dumping data for table `sys_user_online`
--

LOCK TABLES `sys_user_online` WRITE;
/*!40000 ALTER TABLE `sys_user_online` DISABLE KEYS */;
INSERT INTO `sys_user_online` VALUES ('199be566-f81e-4e3a-a4ce-9aad8c0e5a9b','admin','软件工程','127.0.0.1','内网IP','Chrome 11','Windows 10','on_line','2023-07-06 21:28:27','2023-07-06 21:28:37',1800000);
/*!40000 ALTER TABLE `sys_user_online` ENABLE KEYS */;
UNLOCK TABLES;

--
-- Table structure for table `sys_user_post`
--

DROP TABLE IF EXISTS `sys_user_post`;
/*!40101 SET @saved_cs_client     = @@character_set_client */;
/*!50503 SET character_set_client = utf8mb4 */;
CREATE TABLE `sys_user_post` (
                                 `user_id` bigint NOT NULL COMMENT '用户ID',
                                 `post_id` bigint NOT NULL COMMENT '岗位ID',
                                 PRIMARY KEY (`user_id`,`post_id`)
) ENGINE=InnoDB DEFAULT CHARSET=utf8mb4 COLLATE=utf8mb4_0900_ai_ci COMMENT='用户与岗位关联表';
/*!40101 SET character_set_client = @saved_cs_client */;

--
-- Dumping data for table `sys_user_post`
--

LOCK TABLES `sys_user_post` WRITE;
/*!40000 ALTER TABLE `sys_user_post` DISABLE KEYS */;
INSERT INTO `sys_user_post` VALUES (1,1),(103,2),(104,2);
/*!40000 ALTER TABLE `sys_user_post` ENABLE KEYS */;
UNLOCK TABLES;

--
-- Table structure for table `sys_user_role`
--

DROP TABLE IF EXISTS `sys_user_role`;
/*!40101 SET @saved_cs_client     = @@character_set_client */;
/*!50503 SET character_set_client = utf8mb4 */;
CREATE TABLE `sys_user_role` (
                                 `user_id` bigint NOT NULL COMMENT '用户ID',
                                 `role_id` bigint NOT NULL COMMENT '角色ID',
                                 PRIMARY KEY (`user_id`,`role_id`)
) ENGINE=InnoDB DEFAULT CHARSET=utf8mb4 COLLATE=utf8mb4_0900_ai_ci COMMENT='用户和角色关联表';
/*!40101 SET character_set_client = @saved_cs_client */;

--
-- Dumping data for table `sys_user_role`
--

LOCK TABLES `sys_user_role` WRITE;
/*!40000 ALTER TABLE `sys_user_role` DISABLE KEYS */;
INSERT INTO `sys_user_role` VALUES (1,1),(102,100),(103,101),(104,101);
/*!40000 ALTER TABLE `sys_user_role` ENABLE KEYS */;
UNLOCK TABLES;

--
-- Table structure for table `xf_table`
--

DROP TABLE IF EXISTS `xf_table`;
/*!40101 SET @saved_cs_client     = @@character_set_client */;
/*!50503 SET character_set_client = utf8mb4 */;
CREATE TABLE `xf_table` (
                            `cid` bigint NOT NULL AUTO_INCREMENT COMMENT '消费序号',
                            `id` varchar(20) CHARACTER SET utf8mb4 COLLATE utf8mb4_general_ci DEFAULT NULL COMMENT '消费编号',
                            `amount` varchar(20) DEFAULT NULL COMMENT '消费金额',
                            `time` datetime DEFAULT NULL COMMENT '消费时间',
                            `card_id` varchar(20) DEFAULT NULL COMMENT '卡号',
                            PRIMARY KEY (`cid`)
) ENGINE=InnoDB AUTO_INCREMENT=8 DEFAULT CHARSET=utf8mb4 COLLATE=utf8mb4_0900_ai_ci COMMENT='消费表';
/*!40101 SET character_set_client = @saved_cs_client */;

--
-- Dumping data for table `xf_table`
--

LOCK TABLES `xf_table` WRITE;
/*!40000 ALTER TABLE `xf_table` DISABLE KEYS */;
INSERT INTO `xf_table` VALUES (7,'1号机','12.5','2023-07-06 00:00:00','21021');
/*!40000 ALTER TABLE `xf_table` ENABLE KEYS */;
UNLOCK TABLES;
/*!40103 SET TIME_ZONE=@OLD_TIME_ZONE */;

/*!40101 SET SQL_MODE=@OLD_SQL_MODE */;
/*!40014 SET FOREIGN_KEY_CHECKS=@OLD_FOREIGN_KEY_CHECKS */;
/*!40014 SET UNIQUE_CHECKS=@OLD_UNIQUE_CHECKS */;
/*!40101 SET CHARACTER_SET_CLIENT=@OLD_CHARACTER_SET_CLIENT */;
/*!40101 SET CHARACTER_SET_RESULTS=@OLD_CHARACTER_SET_RESULTS */;
/*!40101 SET COLLATION_CONNECTION=@OLD_COLLATION_CONNECTION */;
/*!40111 SET SQL_NOTES=@OLD_SQL_NOTES */;

-- Dump completed on 2023-07-06 22:13:31
